,0
34,dwe
35,dwe
43,dwe
47,dwe
65,idara ya maji
71,dwe
72,dwe
75,dwe
109,dwe
124,dwe
126,idara ya maji
132,dwe
149,dwe
151,dwe
159,district council
181,dwe
184,dwe
189,dwe
190,idara ya maji
201,tcrs
205,dwe
213,dwe
220,rundu man
232,idara ya maji
245,dwe
270,wananchi
307,kkkt _ konde and dwe
309,dwe
319,dwe
332,dwe
352,dwe
363,world vision
423,dwe
426,dwe
434,dwe
449,dwe
479,idara ya maji
512,dwe
516,rundu man
535,dwe
542,dwe
551,tcrs
556,dwe
560,dwe
568,kkkt _ konde and dwe
581,idara ya maji
597,tcrs
610,dwe
615,rundu man
627,dwe
689,idara ya maji
694,dwe
741,dwe
769,dwe
770,dwe
775,dwe
777,tcrs
829,idara ya maji
832,dwe
848,dwe
890,tcrs
899,dwe
921,dwe
922,tcrs
928,dwe
935,dwe
953,dwe
972,dwe
995,kkkt _ konde and dwe
1009,tcrs
1010,kkkt _ konde and dwe
1020,government
1039,dwe
1049,government
1053,dwe
1118,dwe
1120,dwe
1121,dwe
1128,dwe
1135,tcrs
1148,tcrs
1187,dwe
1212,dwe
1243,dwe
1247,dwe
1250,government
1302,government
1335,kkkt _ konde and dwe
1338,idara ya maji
1380,tcrs
1387,dwe
1392,dwe
1413,dwe
1419,tcrs
1426,dwe
1433,dwe
1439,tcrs
1455,rundu man
1467,kkkt _ konde and dwe
1472,dwe
1477,rundu man
1487,dwe
1524,tcrs
1530,dwe
1572,dwe
1587,dwe
1588,dwe
1628,dwe
1649,dwe
1653,dwe
1660,idara ya maji
1686,dwe
1697,dwe
1717,central government
1725,dwe
1734,dwe
1735,dwe
1753,dwe
1781,central government
1801,dwe
1817,wananchi
1822,dwe
1826,dwe
1831,wananchi
1845,dwe
1852,dwe
1854,dwe
1864,dwe
1867,dwe
1875,rundu man
1880,rundu man
1884,dwe
1886,tcrs
1901,0
1928,government
1938,dwe
1947,tcrs
1950,dwe
1953,dwe
1954,dwe
1976,idara ya maji
1987,dwe
2016,idara ya maji
2029,dwe
2041,dwe
2060,dwe
2083,rundu man
2114,dwe
2123,dwe
2126,kkkt _ konde and dwe
2127,dwe
2141,idara ya maji
2176,rundu man
2206,dwe
2210,rundu man
2212,kkkt
2228,kkkt _ konde and dwe
2249,dwe
2250,idara ya maji
2253,dwe
2289,dwe
2299,dwe
2323,kkkt
2325,kkkt
2327,dwe
2361,idara ya maji
2362,dwe
2380,dwe
2426,tcrs
2440,dwe
2443,dwe
2454,dwe
2506,government
2513,rundu man
2537,dwe
2544,dwe
2576,idara ya maji
2584,dwe
2604,dwe
2686,fini water
2730,sengerema water department
2752,rundu man
2770,dwe
2795,dwe
2815,dwe
2817,dwe
2853,tcrs
2880,kkkt _ konde and dwe
2912,tcrs
2937,tcrs
2972,jika
3008,dwe
3036,idara ya maji
3042,dwe
3073,idara ya maji
3075,dwe
3080,dwe
3082,dwe
3173,dwe
3185,dwe
3321,tcrs
3337,tcrs
3338,dwe
3353,dwe
3367,dwe
3371,dwe
3376,dwe
3401,kkkt _ konde and dwe
3404,dwe
3414,dwe
3434,dwe
3440,idara ya maji
3461,government
3462,idara ya maji
3476,tcrs
3495,dwe
3498,dwe
3526,qwickwin
3539,rwe
3578,dwe
3580,dwe
3620,government
3623,idara ya maji
3632,dwe
3639,tcrs
3645,dwe
3688,dwe
3691,dwe
3708,tcrs
3739,dwe
3748,dwe
3763,dwe
3776,tcrs
3784,tcrs
3791,dwe
3794,idara ya maji
3809,muwasa
3810,dwe
3831,dwe
3867,dwe
3924,rundu man
3940,kkkt _ konde and dwe
3941,dwe
3945,dwe
3972,idara ya maji
4009,tcrs
4017,dwe
4025,dwe
4044,dwe
4050,dwe
4053,government
4060,dwe
4077,kkkt _ konde and dwe
4097,rundu man
4102,kkkt _ konde and dwe
4106,dwe
4161,wananchi
4189,kkkt _ konde and dwe
4199,dwe
4208,dwe
4226,kkkt _ konde and dwe
4257,dwe
4263,hesawa
4269,wananchi
4273,dwe
4276,rundu man
4300,dwe
4306,kkkt _ konde and dwe
4315,dwe
4322,dwe
4329,wananchi
4336,tcrs
4356,kkkt _ konde and dwe
4359,atlas company
4374,kuwait
4390,dwe
4434,dwe
4456,dwe
4461,dwe
4478,kkkt _ konde and dwe
4526,tcrs
4540,wananchi
4552,idara ya maji
4553,kkkt _ konde and dwe
4554,dwe
4556,dwe
4559,rundu man
4573,government
4608,dwe
4622,rundu man
4640,dwe
4644,dwe
4651,kkkt _ konde and dwe
4652,dwe
4681,rundu man
4712,dwe
4736,idara ya maji
4770,idara ya maji
4782,dwe
4798,dwe
4800,dwe
4804,tcrs
4819,dwe
4823,dwe
4829,dwe
4850,government
4868,dwe
4874,dwe
4915,dwe
4921,tcrs
4937,dwe
4940,dw
4947,central government
4954,dwe
5003,dwe
5099,dwe
5120,tcrs
5127,dwe
5134,dwe
5147,dwe
5156,kkkt _ konde and dwe
5166,dwe
5176,dwe
5181,dwe
5190,tcrs
5201,dwe
5202,lga
5207,dwe
5210,tcrs
5211,dwe
5218,tcrs
5220,government
5228,wananchi
5266,dwe
5270,dwe
5279,idara ya maji
5287,dwe
5298,tcrs
5307,dwe
5316,tcrs
5323,dwe
5327,idara ya maji
5375,dwe
5387,idara ya maji
5393,dwe
5395,0
5418,wananchi
5422,dwe
5431,dwe
5435,dwe
5447,0
5471,dwe
5487,dwe
5510,government
5516,dwe
5524,kkkt _ konde and dwe
5532,hesawa
5599,dwe
5650,dwe
5681,dwe
5714,sengerema water department
5725,dwe
5755,dwe
5763,dwe
5765,kkkt _ konde and dwe
5794,dwe
5808,dwe
5810,rundu man
5817,government
5819,dwe
5856,dwe
5899,dwe
5919,dwe
5923,dwe
5970,kkkt _ konde and dwe
5981,idara ya maji
5999,tcrs
6004,dwe
6005,idara ya maji
6027,dwe
6033,dwe
6037,dwe
6045,dwe
6062,tcrs
6078,dwe
6092,rundu man
6147,rundu man
6149,rdc
6160,dwe
6179,kkkt _ konde and dwe
6194,dwe
6227,dwe
6230,dwe
6237,dwe
6246,dwe
6253,idara ya maji
6267,rundu man
6270,dwe
6288,tcrs
6301,idara ya maji
6323,dwe
6336,dwe
6361,dwe
6363,dwe
6368,dwe
6406,central government
6416,dwe
6443,dwe
6465,idara ya maji
6478,idara ya maji
6480,dwe
6483,idara ya maji
6486,dwe
6517,dwe
6521,dwe
6538,dwe
6594,tcrs
6608,dwe
6621,dwe
6625,dwe
6645,dwe
6670,central government
6673,dwe
6674,dwe
6682,dwe
6686,dwe
6712,dwe
6724,dwe
6749,dwe
6752,rundu man
6758,kkkt _ konde and dwe
6759,dwe
6771,government
6805,idara ya maji
6816,rundu man
6820,idara ya maji
6822,dwe
6835,tasaf
6867,dwe
6888,dwe
6941,dwe
6944,rundu man
6947,dwe
6951,dwe
6988,dwe
7015,rundu man
7026,dwe
7059,rundu man
7068,tcrs
7083,dwe
7093,idara ya maji
7130,rundu man
7140,dwe
7164,dwe
7244,dwe
7264,idara ya maji
7278,kkkt _ konde and dwe
7295,rundu man
7319,dwe
7353,dwe
7367,tcrs
7368,dwe
7379,kkkt _ konde and dwe
7392,dwe
7393,idara ya maji
7396,dwe
7408,idara ya maji
7411,rundu man
7422,dwe
7425,dwe
7429,dwe
7446,idara ya maji
7462,runduman
7499,dwe
7508,dwe
7543,dwe
7555,dwe
7586,dwe
7615,dwe
7625,rundu man
7631,dwe
7664,kkkt _ konde and dwe
7668,idara ya maji
7670,dwe
7697,dwe
7733,dwe
7741,tcrs
7750,dwe
7773,dwe
7784,tcrs
7793,tcrs
7799,idara ya maji
7801,kkkt _ konde and dwe
7803,dwe
7818,government
7823,dwe
7829,dwe
7850,dwe
7860,dwe
7863,kkkt
7903,dwe
7919,rundu man
7943,dwe
8005,dwe
8019,dwe
8021,dwe
8029,dwe
8046,idara ya maji
8071,0
8083,dwe
8087,tcrs
8088,dwe
8090,dwe
8123,dwe
8134,rundu man
8148,dwe
8159,dwe
8171,idara ya maji
8210,dwe
8248,tcrs
8272,dwe
8290,dwe
8302,idara ya maji
8303,tcrs
8305,dwe
8329,runduman
8346,wananchi
8359,tcrs
8396,dwe
8442,dwe
8454,dwe
8457,rundu man
8465,dwe
8495,kkkt _ konde and dwe
8515,dwe
8516,dwe
8528,dwe
8559,kkkt
8581,idara ya maji
8583,rundu man
8600,kkkt _ konde and dwe
8604,dwe
8624,dwe
8635,dwe
8647,dwe
8673,dwe
8674,dwe
8686,dwe
8692,dwe
8711,government
8723,dwe
8753,dwe
8772,idara ya maji
8833,tcrs
8848,government
8862,dwe
8879,dwe
8902,dwe
8906,dwe
8929,dwe
8937,dwe
8951,kkkt _ konde and dwe
8969,tcrs
9006,ustawi
9026,kkkt _ konde and dwe
9051,dwe
9054,runduman
9056,dwe
9092,dwe
9106,tcrs
9111,dwe
9155,dwe
9159,dwe
9183,dwe
9188,tcrs
9230,dwe
9244,idara ya maji
9271,dwe
9289,kkkt _ konde and dwe
9290,dwe
9303,dwe
9310,idara ya maji
9350,dwe
9359,dwe
9377,dwe
9428,tcrs
9446,kkkt
9450,dwe
9452,dwe
9465,government
9479,dwe
9496,dwe
9524,dwe
9541,dwe
9563,dwe
9564,dwe
9568,dwe
9572,tcrs
9691,dwe
9692,dwe
9705,kkkt
9709,kkkt _ konde and dwe
9728,kkkt _ konde and dwe
9773,rundu man
9827,kkkt _ konde and dwe
9834,dwe
9864,dwe
9885,tcrs
9895,dwe
9896,dwe
9898,tcrs
9909,dwe
9913,dwe
9973,af
9997,dwe
10013,dwe
10024,dwe
10029,dwe
10032,idara ya maji
10033,dwe
10034,dwe
10043,tcrs
10049,dwe
10055,idara ya maji
10059,dwe
10088,mission
10114,dwe
10120,dwe
10140,tcrs
10141,idara ya maji
10142,kkkt _ konde and dwe
10145,dwe
10146,tcrs
10155,dwe
10159,0
10174,dwe
10191,dwe
10208,kkkt
10209,oxfam
10214,dwe
10235,dwe
10243,dwe
10248,dwe
10249,dwe
10255,dwe
10296,tcrs
10320,idara ya maji
10336,idara ya maji
10358,kkkt _ konde and dwe
10360,dwe
10368,tcrs
10393,government
10398,tcrs
10456,dwe
10484,idara ya maji
10510,rundu man
10528,rundu man
10540,dwe
10543,tcrs
10554,dwe
10571,dwe
10586,kkkt _ konde and dwe
10589,kkkt _ konde and dwe
10606,dwe
10628,dwe
10640,hesawa
10651,dwe
10718,0
10725,tcrs
10728,0
10740,kkkt
10744,tcrs
10750,dwe
10778,dwe
10782,kkkt
10801,dwe
10812,dwe
10821,idara ya maji
10833,dwe
10842,dwe
10847,rundu man
10893,dwe
10902,dwe
10930,dwe
10932,central government
10956,dwe
10962,dwe
10963,rundu man
10990,dwe
11043,dwe
11057,dwe
11060,tcrs
11095,government
11103,rundu man
11135,dwe
11154,dwe
11194,tcrs
11206,idara ya maji
11210,dwe
11226,dwe
11236,dwe
11253,tasaf
11275,dwe
11276,dwe
11307,central government
11308,dwe
11340,idara ya maji
11345,dwe
11374,dwe
11410,dwe
11421,tumaini fund
11426,dwe
11434,dwe
11506,rundu man
11516,dwe
11520,dwe
11524,dwe
11528,rundu man
11536,idara ya maji
11539,dwe
11566,dwe
11569,dwe
11595,dwe
11597,kkkt _ konde and dwe
11599,dwe
11624,dwe
11657,dwe
11677,idara ya maji
11679,dwe
11684,rundu man
11685,0
11717,dwe
11718,dwe
11719,dwe
11734,dwe
11753,dwe
11784,dwe
11810,dwe
11822,tcrs
11828,dwe
11844,kkkt _ konde and dwe
11849,government
11856,dwe
11861,idara ya maji
11865,idara ya maji
11868,dwe
11879,dwe
11896,dwe
11935,dwe
11941,dwe
11968,community
11969,dwe
11994,dwe
12004,idara ya maji
12011,dwe
12017,dwe
12027,dwe
12060,kkkt _ konde and dwe
12063,tcrs
12114,dwe
12130,dwe
12207,dwe
12222,idara ya maji
12227,dwe
12233,dwe
12238,dwe
12320,kkkt _ konde and dwe
12321,dwe
12333,dwe
12338,dwe
12352,tcrs
12362,tcrs
12379,rundu man
12381,dwe
12405,dwe
12426,dwe
12432,dwe
12447,dwe
12474,dwe
12480,tcrs
12484,0
12487,idara ya maji
12491,dwe
12494,dwe
12501,dwe
12512,dwe
12532,dwe
12534,dwe
12535,singida yetu
12549,dwe
12550,tcrs
12553,rundu man
12554,dwe
12564,kkkt _ konde and dwe
12570,dwe
12572,dwe
12583,idara ya maji
12593,kkkt _ konde and dwe
12596,rundu man
12599,dwe
12662,idara ya maji
12706,rundu man
12746,rundu man
12776,tcrs
12803,dwe
12806,kkkt _ konde and dwe
12807,dwe
12832,dwe
12834,dwe
12852,dwe
12875,tcrs
12899,swiss if
12904,dwe
12912,government
12921,runduman
12922,dwe
12930,tcrs
12933,dwe
12946,tcrs
12952,idara ya maji
12958,tcrs
12978,dwe
12994,dwe
13004,kkkt _ konde and dwe
13013,tcrs
13054,kkkt _ konde and dwe
13103,tcrs
13105,dwe
13117,dwe
13124,idara ya maji
13136,idara ya maji
13143,dwe
13169,dwe
13192,dwe
13193,dwe
13206,tcrs
13228,dwe
13275,tcrs
13285,idara ya maji
13324,dwe
13330,dwe
13344,dwe
13347,0
13403,dwe
13441,kkkt _ konde and dwe
13490,dwe
13493,tcrs
13508,tcrs
13510,dwe
13514,dwe
13521,rundu man
13525,dwe
13562,dwe
13571,dwe
13592,dwe
13595,rundu man
13627,kkkt
13642,dwe
13646,rundu man
13655,dwe
13672,dwe
13674,wananchi
13687,rundu man
13699,idara ya maji
13725,dwe
13735,dwe
13747,0
13750,dwe
13754,dwe
13764,government
13804,idara ya maji
13840,dwe
13842,idara ya maji
13872,dwe
13879,tcrs
13891,dwe
13908,dwe
13909,idara ya maji
13911,dwe
13914,dwe
13951,dwe
13962,government
13963,dwe
14006,dwe
14011,dwe
14018,government
14026,dwe
14027,dwe
14031,dwe
14035,dwe
14054,government
14082,dwe
14099,idara ya maji
14157,amref
14162,dwe
14183,dwe
14190,dwe
14200,dwe
14209,rundu man
14214,kkkt
14215,gover
14250,kkkt _ konde and dwe
14278,dwe
14282,dwe
14318,dwe
14329,dwe
14348,dwe
14359,kkkt
14367,kkkt _ konde and dwe
14389,tcrs
14435,dwe
14441,dwe
14452,dwe
14456,government
14465,dwe
14480,kkkt
14503,dwe
14539,tcrs
14570,dwe
14574,dwe
14575,dwe
14609,dwe
14623,dwe
14625,tcrs
14677,tcrs
14682,dwe
14686,kkkt
14704,dwe
14717,dwe
14720,sengerema water department
14728,dwe
14746,dwe
14749,dwe
14805,dwe
14807,gover
14815,dwe
14827,tcrs
14861,tcrs
14883,kkkt _ konde and dwe
14901,dwe
14924,dwe
14963,dwe
14964,dwe
14986,wananchi
14999,dwe
15079,gover
15101,dwe
15121,idara ya maji
15129,kkkt _ konde and dwe
15147,dwe
15154,idara ya maji
15156,dwe
15181,idara ya maji
15194,kkkt _ konde and dwe
15215,idara ya maji
15224,dwe
15242,wizara ya maji
15256,dwe
15262,dwe
15289,dwe
15298,dwe
15323,kkkt _ konde and dwe
15397,dwe
15416,dwe
15433,rundu man
15442,0
15444,kkkt _ konde and dwe
15466,wedeco
15471,dwe
15503,government
15524,dwe
15542,idara ya maji
15545,runduman
15563,dwe
15572,dwe
15587,dwe
15628,tcrs
15655,tcrs
15674,kkkt _ konde and dwe
15686,dwe
15708,wananchi
15731,kkkt _ konde and dwe
15734,dwe
15763,rundu man
15790,wananchi
15812,dwe
15818,rundu man
15822,dwe
15824,dwe
15882,idara ya maji
15896,dwe
15901,rundu man
15904,dwe
15910,rundu man
15928,jaica
15949,dwe
15960,dwe
15985,dwe
15998,dwe
16012,dwe
16023,tcrs
16096,rundu man
16126,dwe
16128,dwe
16139,dwe
16140,dwe
16151,tcrs
16201,dwe
16224,district council
16231,idara ya maji
16238,idara ya maji
16297,dwe
16323,dwe
16335,tcrs
16366,idara ya maji
16438,dwe
16456,wananchi
16480,dwe
16495,dwe
16498,dwe
16504,kkkt _ konde and dwe
16506,dwe
16515,dwe
16561,dwe
16562,idara ya maji
16607,dwe
16611,dwe
16619,dwe
16620,dwe
16627,tcrs
16648,dwe
16687,dwe
16688,kkkt
16697,world vision
16727,dwe
16753,dwe
16766,dwe
16773,rundu man
16789,dwe
16801,tcrs
16813,idara ya maji
16844,dwe
16875,dwe
16882,dwe
16885,dwe
16892,dwe
16898,tcrs
16904,runduman
16927,dwe
16943,dwe
16971,kkkt _ konde and dwe
17007,dwe
17020,dwe
17043,dwe
17047,tcrs
17049,dwe
17077,dwe
17078,dwe
17079,dwe
17085,dwe
17123,dwe
17159,dwe
17168,dwe
17177,dwe
17194,dwe
17205,dwe
17239,dwe
17252,kkkt _ konde and dwe
17255,tcrs
17262,dwe
17268,dwe
17299,rundu man
17305,wananchi
17307,dwe
17315,artisan
17338,central government
17343,wananchi
17344,dwe
17380,idara ya maji
17403,kkkt
17420,dwe
17422,rundu man
17433,dwe
17461,norad
17462,dwe
17520,government
17533,dwe
17553,dwe
17566,dwe
17584,kkkt _ konde and dwe
17597,idara ya maji
17631,dwe
17638,dwe
17650,world vision
17652,idara ya maji
17656,dwe
17657,government
17671,dwe
17673,kkkt _ konde and dwe
17690,0
17697,idara ya maji
17699,dwe
17700,dwe
17712,kkkt
17713,dwe
17714,dwe
17716,tcrs
17717,dwe
17720,dwe
17729,dwe
17769,dwe
17770,dwe
17787,dwe
17801,dwe
17803,dwe
17824,dwe
17826,tcrs
17830,dwe
17854,artisan
17856,dwe
17893,dwe
17901,dwe
17904,rundu man
17926,tcrs
17935,dwe
17954,dwe
17982,kkkt _ konde and dwe
18014,dwe
18019,wananchi
18023,tcrs
18028,kkkt _ konde and dwe
18041,dwe
18057,dwe
18069,dwe
18088,idara ya maji
18162,dwe
18166,dwe
18168,dwe
18201,dwe
18228,dwe
18231,0
18345,dwe
18377,dwe
18390,fini water
18441,dwe
18465,0
18472,sengerema water department
18475,dwe
18494,dwe
18541,dwe
18543,government
18548,dwe
18577,kkkt _ konde and dwe
18579,inves
18667,idara ya maji
18668,dwe
18673,idara ya maji
18694,dwe
18697,dwe
18703,kkkt _ konde and dwe
18705,dwe
18716,idara ya maji
18721,hesawa
18728,tcrs
18745,dwe
18780,dwe
18794,tcrs
18803,dwe
18829,dwe
18847,dwe
18869,dwe
18873,dwe
18881,kkkt _ konde and dwe
18893,dwe
18896,central government
18912,dwe
18932,idara ya maji
18934,tcrs
18943,dwe
19001,jaica
19034,dwe
19050,dwe
19055,dwe
19089,tcrs
19105,dwe
19107,kkkt _ konde and dwe
19116,dwe
19120,sengerema water department
19129,dwe
19139,government
19141,dwe
19147,tcrs
19159,dwe
19203,rundu man
19204,dwe
19216,dwe
19233,dwe
19249,kkkt _ konde and dwe
19279,dwe
19280,dw
19301,tcrs
19313,dwe
19332,kkkt _ konde and dwe
19377,dwe
19394,dwe
19396,kkkt _ konde and dwe
19409,government
19415,dwe
19430,dwe
19443,dwe
19454,dwe
19467,dwe
19470,wananchi
19473,dwe
19474,dwe
19505,tcrs
19524,dwe
19545,dwe
19547,wananchi
19557,dwe
19587,grumeti
19621,rundu man
19637,dwe
19644,dwe
19646,rundu man
19653,tcrs
19674,kkkt
19696,dwe
19702,dwe
19711,kkkt
19750,dwe
19792,dwe
19801,dwe
19817,dwe
19835,dwe
19853,dwe
19891,government
19899,dwe
19906,wizara ya maji
19907,idara ya maji
19908,rundu man
19950,wananchi
19978,kkkt _ konde and dwe
19984,dwe
20008,dwe
20070,kkkt _ konde and dwe
20117,dwe
20135,dwe
20144,rwssp
20161,rundu man
20168,dwe
20185,dwe
20211,dwe
20218,dwe
20256,tcrs
20291,tcrs
20301,kkkt _ konde and dwe
20311,rundu man
20320,rundu man
20367,dwe
20400,government
20402,dwe
20406,government
20409,dwe
20420,tcrs
20422,idara ya maji
20456,dwe
20494,0
20509,dwe
20510,dwe
20517,kkkt _ konde and dwe
20553,kkkt _ konde and dwe
20571,idara ya maji
20574,idara ya maji
20580,tcrs
20620,dwe
20627,dwe
20634,dwe
20637,dmdd
20673,rundu man
20706,dwe
20720,0
20729,dwe
20741,dwe
20743,kkkt _ konde and dwe
20758,dwe
20781,tcrs
20782,dwe
20792,dwe
20793,kkkt _ konde and dwe
20798,idara ya maji
20812,kkkt _ konde and dwe
20829,kkkt _ konde and dwe
20850,dwe
20870,wananchi
20876,dwe
20903,dwe
20912,dwe
20915,dwe
20951,rundu man
20988,idara ya maji
21060,kkkt _ konde and dwe
21080,dwe
21097,dwe
21131,dwe
21157,dwe
21174,idara ya maji
21182,idara ya maji
21195,tcrs
21209,dwe
21226,idara ya maji
21228,dwe
21246,idara ya maji
21280,rundu man
21300,dwe
21309,dwe
21313,dwe
21319,dwe
21325,wizara ya maji
21333,tcrs
21348,tcrs
21361,dwe
21377,dwe
21386,tcrs
21397,dwe
21415,dwe
21423,dwe
21479,tcrs
21492,idara ya maji
21507,dwe
21516,idara ya maji
21537,dwe
21538,dwe
21562,amref
21570,dwe
21571,dwe
21572,tcrs
21582,dwe
21595,kkkt _ konde and dwe
21612,idara ya maji
21637,ir
21683,dwe
21690,dwe
21692,government
21695,dwe
21705,dwe
21734,tcrs
21747,dwe
21748,dwe
21753,dwe
21766,idara ya maji
21833,dwe
21847,rundu man
21864,dwe
21869,kkkt _ konde and dwe
21872,dwe
21882,dwe
21887,dwe
21890,dwe
21896,dwe
21903,sengerema water department
21914,tcrs
21920,dwe
21948,dwe
21959,dwe
21995,dwe
22082,dwe
22085,dwe
22117,tcrs
22129,kkkt _ konde and dwe
22135,dwe
22136,rundu man
22148,dwe
22168,dwe
22186,tcrs
22233,sengerema water department
22258,dwe
22260,dwe
22269,dwe
22270,dwe
22273,building works company ltd
22296,wananchi
22310,kkkt _ konde and dwe
22318,idara ya maji
22322,dwe
22333,wananchi
22351,dwe
22476,dwe
22492,dwe
22519,dwe
22522,dwe
22547,dwe
22551,dwe
22558,idara ya maji
22563,dwe
22592,dwe
22646,rundu man
22652,dwe
22660,dwe
22665,kkkt _ konde and dwe
22672,dwe
22700,dwe
22704,dwe
22721,sengerema water department
22777,dwe
22826,dwe
22855,kkkt
22863,dwe
22874,dwe
22897,dwe
22900,dwe
22902,tcrs
22905,tcrs
22921,kkkt _ konde and dwe
22927,tcrs
22945,dwe
22954,kkkt _ konde and dwe
22961,dwe
22967,dwe
22972,dwe
23047,government
23053,dwe
23056,rundu man
23058,dwe
23061,dwe
23093,dwe
23121,rundu man
23131,rundu man
23132,dwe
23164,dwe
23172,dwe
23183,dwe
23192,wananchi
23207,mission
23217,dwe
23227,mission
23248,government
23267,kkkt
23293,dwe
23295,government
23297,dwe
23300,tcrs
23308,dwe
23320,idara ya maji
23323,kkkt _ konde and dwe
23334,tcrs
23343,dwe
23371,dwe
23376,wedeco
23381,dwe
23396,jandu plumber co
23400,dwe
23401,hesawa
23441,rundu man
23443,kkkt _ konde and dwe
23445,tcrs
23451,dwe
23464,dwe
23474,dwe
23495,government
23510,dwe
23545,kkkt _ konde and dwe
23554,ir
23565,dwe
23580,dwe
23611,kkkt _ konde and dwe
23620,dwe
23626,tcrs
23636,kkkt _ konde and dwe
23652,dwe
23698,dwe
23725,dwe
23749,idara ya maji
23764,kkkt _ konde and dwe
23790,dwe
23844,dwe
23850,dwe
23871,dwe
23873,dwe
23878,dwe
23894,dwe
23912,dwe
23944,runduman
23975,dwe
23984,dwe
24017,dwe
24067,dwe
24077,dwe
24100,dwe
24122,dwe
24153,idara ya maji
24159,dwe
24160,rundu man
24188,dwe
24191,dwe
24194,dwe
24195,dwe
24230,tcrs
24239,dwe
24261,dwe
24265,government
24283,dwe
24289,dwe
24317,wizara ya maji
24320,dwe
24362,kkkt _ konde and dwe
24373,dwe
24383,dwe
24393,idara ya maji
24522,rundu man
24531,government
24540,dwe
24555,dwe
24567,tcrs
24610,dwe
24621,dwe
24663,tcrs
24683,hesawa
24712,idara ya maji
24731,rundu man
24735,dwe
24739,dwe
24741,rundu man
24767,kiliflora
24810,dwe
24817,dwe
24826,central government
24890,kkkt _ konde and dwe
24897,idara ya maji
24899,wananchi
24905,dwe
24939,dwe
24978,dwe
24980,dwe
24991,idara ya maji
24993,idara ya maji
25028,kkkt _ konde and dwe
25041,dwe
25051,active tank co
25058,tcrs
25062,dwe
25078,dwe
25085,tcrs
25103,dwe
25127,tcrs
25137,dwe
25149,tcrs
25172,dwe
25208,dwe
25219,dwe
25242,dwe
25243,dwe
25251,dwe
25267,kkkt _ konde and dwe
25275,kkkt _ konde and dwe
25279,dwe
25290,dwe
25292,dwe
25331,dwe
25349,dwe
25390,dwe
25420,sengerema water department
25447,idara ya maji
25449,dwe
25455,runduman
25459,dwe
25462,dwe
25463,dwe
25478,tcrs
25504,government
25526,dwe
25531,tcrs
25540,world vision
25548,rundu man
25560,idara ya maji
25610,dwe
25620,dwe
25643,rundu man
25651,dwe
25708,dwe
25751,dwe
25753,dwe
25778,dwe
25779,idara ya maji
25782,dwe
25809,dwe
25810,dwe
25843,sengerema water department
25848,dwe
25868,dwe
25908,dwe
25944,rundu man
25947,rundu man
25949,kkkt
25952,dwe
25954,kkkt _ konde and dwe
25958,rundu man
25979,dwe
25980,dwe
26008,dwe
26017,kkkt _ konde and dwe
26021,dwe
26029,dwe
26034,dwe
26040,dwe
26041,dwe
26098,0
26136,ridep
26143,tcrs
26167,tcrs
26173,dwe
26174,dwe
26179,tcrs
26192,dwe
26193,tcrs
26205,dwe
26227,dwe
26235,idara ya maji
26249,kkkt _ konde and dwe
26258,dwe
26290,dwe
26310,dwe
26312,tcrs
26315,fini water
26329,dwe
26356,tcrs
26362,dwe
26370,swiss if
26399,dwe
26418,sengerema water department
26425,dwe
26452,dwe
26463,artisan
26489,dwe
26510,dwe
26518,gover
26528,wizara ya maji
26539,dwe
26607,government
26612,dwe
26658,dwe
26665,tcrs
26709,idara ya maji
26754,dwe
26757,rwssp
26773,kkkt _ konde and dwe
26800,government
26807,distri
26808,tcrs
26812,tcrs
26824,idara ya maji
26838,kkkt
26844,dwe
26859,rundu man
26872,kkkt
26882,idara ya maji
26895,idara ya maji
26896,dwe
26920,kkkt _ konde and dwe
26938,dwe
26948,kkkt
26953,dwe
26961,dwe
26968,idara ya maji
26971,dwe
26983,dwe
26986,dwe
27000,kkkt _ konde and dwe
27001,dwe
27042,dwe
27070,idara ya maji
27080,tcrs
27093,dwe
27107,dwe
27120,dwe
27136,dwe
27152,dwe
27205,dwe
27247,idara ya maji
27264,dwe
27286,dwe
27325,dwe
27364,dwe
27402,rundu man
27416,tcrs
27432,dwe
27445,dwe
27458,government
27462,tcrs
27465,idara ya maji
27469,dwe
27470,idara ya maji
27472,dwe
27498,dwe
27515,idara ya maji
27518,dwe
27612,dwe
27623,idara ya maji
27630,dwe
27633,dwe
27646,dwe
27705,wananchi
27778,idara ya maji
27788,dwe
27798,dwe
27822,dwe
27823,dwe
27844,idara ya maji
27857,rundu man
27929,dwe
27943,tcrs
27946,dwe
27955,idara ya maji
27965,kkkt _ konde and dwe
27979,tcrs
28019,rundu man
28029,dwe
28032,dwe
28043,dwe
28084,dwe
28103,tcrs
28105,dwe
28113,dwe
28116,dwe
28137,tcrs
28139,idara ya maji
28147,dwe
28219,tcrs
28233,dwe
28267,dwe
28298,dwe
28307,dwe
28329,dwe
28372,dwe
28388,tcrs
28399,idara ya maji
28403,dwe
28425,tcrs
28448,dwe
28449,tcrs
28490,wananchi
28492,wananchi
28510,dwe
28524,tcrs
28553,dwe
28558,kkkt
28575,dwe
28637,dwe
28666,idara ya maji
28674,idara ya maji
28689,idara ya maji
28690,dwe
28711,dwe
28713,dwe
28715,dwe
28736,dwe
28741,kkkt _ konde and dwe
28777,mdrdp
28783,dwe
28800,government
28814,dwe
28817,dwe
28838,kkkt _ konde and dwe
28858,dwe
28864,dwe
28873,runduman
28881,amref
28898,dwe
28951,dwe
28967,dwe
29002,idara ya maji
29062,dwe
29065,tcrs
29068,dwe
29070,rundu man
29079,sengerema water department
29081,kkkt _ konde and dwe
29125,dwe
29129,rundu man
29139,dwe
29154,idara ya maji
29172,dwe
29207,dwe
29226,dwe
29229,dwe
29235,dwe
29240,kkkt _ konde and dwe
29244,dwe
29257,dwe
29278,dwe
29284,kkkt _ konde and dwe
29291,dwe
29297,dwe
29303,government
29321,idara ya maji
29354,jandu plumber co
29375,dwe
29387,dwe
29399,dwe
29416,idara ya maji
29441,dwe
29457,dwe
29478,government
29483,dwe
29513,tcrs
29520,dwe
29528,dwe
29540,idara ya maji
29544,dwe
29600,tcrs
29603,idara ya maji
29616,dwe
29644,dwe
29666,dwe
29678,dwe
29697,dwe
29724,dwe
29757,kkkt _ konde and dwe
29762,dwe
29768,idara ya maji
29806,world vision
29831,dwe
29841,dwe
29849,dwe
29851,idara ya maji
29874,wananchi
29879,tcrs
29880,dwe
29893,kkkt _ konde and dwe
29900,dwe
29926,kkkt
29931,dwe
29935,tcrs
29963,kkkt _ konde and dwe
29964,government
29977,dwe
29996,dwe
30024,dwe
30029,dwe
30046,kkkt _ konde and dwe
30062,dwe
30064,idara ya maji
30068,dwe
30083,dwe
30089,dwe
30094,tcrs
30104,wananchi
30105,mdrdp
30118,dwe
30124,dwe
30131,tcrs
30150,runduman
30199,dwe
30204,government
30212,dwe
30221,idara ya maji
30229,kkkt _ konde and dwe
30232,rundu man
30282,tcrs
30287,dwe
30293,rundu man
30310,dwe
30321,idara ya maji
30349,dwe
30368,idara ya maji
30396,kkkt _ konde and dwe
30404,dwe
30412,dwe
30440,dwe
30446,idara ya maji
30454,dwe
30471,dwe
30494,idara ya maji
30558,kkkt _ konde and dwe
30590,dwe
30601,dwe
30623,dwe
30638,kkkt _ konde and dwe
30660,dwe
30666,dwe
30681,dwe
30682,kkkt _ konde and dwe
30696,dwe
30759,dwe
30777,dwe
30794,tcrs
30804,dwe
30810,tcrs
30812,water aid
30838,dwe
30867,dwe
30891,tcrs
30910,dwe
30923,rundu man
30929,dwe
30945,dwe
30962,idara ya maji
30966,dwe
30967,dwe
30981,tcrs
30999,dwe
31010,mission
31013,dwe
31028,dwe
31043,dwe
31046,dwe
31056,dwe
31064,greinaker
31088,tcrs
31148,amref
31184,dwe
31273,dwe
31275,dwe
31279,kkkt _ konde and dwe
31289,dwe
31291,tcrs
31331,rundu man
31371,rundu man
31387,dwe
31420,dwe
31445,kkkt _ konde and dwe
31450,dwe
31455,dwe
31490,dwe
31514,kkkt _ konde and dwe
31540,dwe
31546,dwe
31609,dwe
31627,dwe
31640,dwe
31643,dwe
31646,dwe
31654,dwe
31677,dwe
31681,tcrs
31683,dwe
31720,dwe
31725,dwe
31734,tcrs
31763,dwe
31772,sengerema water department
31775,dwe
31782,tcrs
31784,rundu man
31846,dwe
31899,kkkt _ konde and dwe
31913,dwe
31918,rundu man
32007,wananchi
32008,rwssp
32023,dwe
32024,dwe
32028,tcrs
32045,lwi
32079,ki
32080,dwe
32119,dwe
32123,dwe
32129,idara ya maji
32143,dwe
32148,government
32159,dwe
32165,dwe
32167,dwe
32175,dwe
32210,dwe
32228,idara ya maji
32237,nyakilangani co
32250,tcrs
32258,dwe
32261,kkkt _ konde and dwe
32283,kkkt _ konde and dwe
32305,kkkt _ konde and dwe
32333,kkkt
32337,dwe
32346,government
32372,government
32374,dwe
32380,dwe
32437,dwe
32440,tcrs
32472,dwe
32477,dwe
32489,rundu man
32495,rundu man
32524,dwe
32525,hesawa
32527,dwe
32544,dwe
32570,kkkt _ konde and dwe
32574,atlas company
32588,kkkt
32647,kkkt _ konde and dwe
32649,tcrs
32657,world vision
32662,kkkt _ konde and dwe
32670,dwe
32713,dwe
32742,kkkt _ konde and dwe
32763,tcrs
32774,dwe
32775,dwe
32808,dwe
32851,idara ya maji
32861,dwe
32868,dwe
32924,dwe
32931,dwe
32933,dwe
32934,idara ya maji
32994,dwe
33027,dwe
33030,dwe
33041,tcrs
33080,idara ya maji
33084,dwe
33088,rundu man
33107,dwe
33111,dwe
33119,tcrs
33132,rundu man
33135,dwe
33157,0
33161,dwe
33169,government
33200,dwe
33278,dwe
33319,tcrs
33355,kkkt _ konde and dwe
33369,dwe
33370,dwe
33392,dwe
33393,unicef
33437,dwe
33439,kiliflora
33457,dwe
33473,dwe
33501,dwe
33514,dwe
33515,dwe
33531,dwe
33550,dwe
33555,dwe
33568,rundu man
33608,dwe
33628,government
33629,dwe
33646,central government
33665,dwe
33675,dwe
33690,dwe
33706,dwe
33714,dwe
33718,jika
33724,dwe
33733,government
33744,dwe
33758,dwe
33770,dwe
33790,dwe
33804,dwe
33810,dwe
33821,villagers
33829,dwe
33878,tcrs
33886,dwe
33891,dwe
33921,dwe
33927,dwe
33943,dwe
33950,dwe
33967,dwe
33975,dwe
33994,dwe
34025,hesawa
34041,wizara ya maji
34053,dwe
34066,dwe
34079,dwe
34090,tcrs
34091,mission
34112,dwe
34115,government
34120,dwe
34145,dwe
34159,rundu man
34190,dwe
34198,dwe
34210,dwe
34212,dwe
34231,dwe
34239,dwe
34263,dwe
34274,dwe
34284,dwe
34290,dwe
34314,dwe
34317,dw
34327,tcrs
34332,kkkt
34333,dwe
34337,dwe
34353,rundu man
34357,dwe
34366,tcrs
34371,dwe
34394,kkkt _ konde and dwe
34403,villagers
34407,dwe
34409,central government
34412,idara ya maji
34418,dwe
34423,rundu man
34428,dwe
34435,dwe
34475,dwe
34480,dwe
34525,dwe
34533,rundu man
34536,tcrs
34573,dwe
34579,sengerema water department
34607,dwe
34639,tcrs
34643,dwe
34651,wananchi
34673,dwe
34686,wananchi
34709,dwe
34714,dwe
34721,hesawa
34731,dwe
34742,rundu man
34805,dwe
34817,dwe
34846,isf
34850,idara ya maji
34890,dwe
34901,dwe
34912,dwe
34934,dwe
34963,dwe
34975,wananchi
34993,kkkt _ konde and dwe
35017,government
35040,wananchi
35047,dwe
35060,idara ya maji
35062,dwe
35066,tcrs
35071,gover
35094,tcrs
35116,ir
35155,dwe
35170,dwe
35173,government
35189,dwe
35217,kkkt
35221,dwe
35245,dwe
35253,dwe
35262,dwe
35274,dwe
35288,dwe
35296,wizara ya maji
35366,kkkt
35388,dwe
35397,rundu man
35402,idara ya maji
35417,rundu man
35447,kkkt _ konde and dwe
35455,dwe
35457,dwe
35461,dwe
35499,atlas company
35529,government
35534,dwe
35564,dwe
35571,dwe
35597,dwe
35610,dwe
35630,tcrs
35657,dwe
35670,idara ya maji
35688,artisan
35726,kkkt _ konde and dwe
35731,dwe
35764,dwe
35771,dwe
35779,dwe
35806,idara ya maji
35815,dwe
35816,dwe
35822,hesawa
35830,world vision
35849,tcrs
35857,dwe
35875,central government
35907,dwe
35911,idara ya maji
35912,dwe
35917,dwe
35945,rundu man
35949,dwe
35951,dwe
35979,dwe
35986,dwe
36032,oikos e .africa
36051,tcrs
36071,dwe
36074,kkkt _ konde and dwe
36136,0
36147,dwe
36149,dwe
36160,dwe
36182,dwe
36195,kkkt
36240,dwe
36242,dwe
36247,dwe
36257,active tank co
36276,dwe
36281,dwe
36318,dwe
36337,dwe
36354,dwe
36397,healt
36421,kkkt _ konde and dwe
36433,kkkt _ konde and dwe
36455,dwe
36480,dwe
36502,dwe
36505,dwe
36523,rundu man
36527,dwe
36528,idara ya maji
36536,tcrs
36540,dwe
36557,dwe
36565,dwe
36567,tcrs
36572,dwe
36582,dwe
36623,dwe
36636,dwe
36637,dwe
36640,dwe
36645,dwe
36664,dwe
36698,dwe
36726,dwe
36753,dwe
36760,dwe
36763,dwe
36793,dwe
36807,kiliflora
36810,kkkt _ konde and dwe
36811,dwe
36841,idara ya maji
36854,dwe
36855,rundu man
36875,dwe
36878,dwe
36884,dwe
36899,idara ya maji
36907,kkkt _ konde and dwe
36911,dwe
36929,dwe
36931,sengerema water department
36950,dwe
36952,dwe
36955,kkkt _ konde and dwe
36970,rundu man
36989,wananchi
37000,kkkt _ konde and dwe
37035,hesawa
37079,government
37085,dwe
37087,dwe
37094,idara ya maji
37096,dwe
37111,world bank
37147,dwe
37150,dwe
37151,idara ya maji
37152,dwe
37193,dwe
37206,dwe
37213,dwe
37217,district water department
37232,dwe
37246,dwe
37253,dwe
37254,dwe
37257,dwe
37306,dwe
37352,dwe
37362,dwe
37366,dwe
37371,dwe
37374,runduman
37399,dwe
37407,dwe
37416,dwe
37423,dwe
37470,government
37480,dwe
37502,dwe
37536,dwe
37616,rundu man
37617,kkkt _ konde and dwe
37642,dwe
37652,dwe
37659,tcrs
37694,kkkt _ konde and dwe
37729,idara ya maji
37737,dwe
37738,dwe
37782,dwe
37801,idara ya maji
37818,kkkt _ konde and dwe
37868,dwe
37876,dwe
37879,dwe
37890,government
37906,dwe
37923,kkkt _ konde and dwe
37941,dwe
37945,dwe
37962,dwe
37973,dwe
37976,dwe
37982,dwe
37985,kkkt _ konde and dwe
37990,idara ya maji
38039,dwe
38050,rundu man
38072,dwe
38078,dwe
38111,dwe
38132,dwe
38134,kkkt
38138,dwe
38164,dwe
38208,kkkt _ konde and dwe
38215,dwe
38218,dwe
38244,dwe
38245,dwe
38258,dwe
38287,dwe
38351,dwe
38354,hesawa
38361,dwe
38380,dwe
38386,government
38402,dwe
38417,dwe
38425,dwe
38430,dwe
38445,government
38482,dwe
38488,kkkt _ konde and dwe
38499,dwe
38567,tcrs
38571,idara ya maji
38575,kkkt _ konde and dwe
38606,kkkt _ konde and dwe
38609,kkkt _ konde and dwe
38615,dwe
38632,dwe
38639,idara ya maji
38658,kkkt _ konde and dwe
38680,dwe
38697,kkkt _ konde and dwe
38702,kkkt _ konde and dwe
38708,wvt
38722,dwe
38737,government
38740,dwe
38741,tcrs
38757,dwe
38772,dwe
38783,dwe
38790,dwe
38795,government
38802,tcrs
38809,tcrs
38810,tcrs
38813,dwe
38817,dwe
38827,dwe
38850,dwe
38855,rundu man
38863,dwe
38878,idara ya maji
38903,dwe
38917,idara ya maji
38923,kkkt _ konde and dwe
38930,idara ya maji
38996,dwe
39005,dwe
39019,kkkt _ konde and dwe
39021,rundu man
39022,dwe
39029,dwe
39041,dwe
39042,dwe
39055,government
39060,idara ya maji
39062,dwe
39094,dwe
39124,dwe
39154,kkkt _ konde and dwe
39185,dwe
39197,tcrs
39219,dwe
39242,tcrs
39248,idara ya maji
39267,dwe
39290,rundu man
39334,runduman
39412,dwe
39421,dwe
39423,wananchi
39434,government
39442,dwe
39457,tcrs
39460,dwe
39496,rundu man
39504,dwe
39512,dwe
39541,tcrs
39571,dwe
39582,dwe
39589,government
39596,dwe
39610,dwe
39633,wananchi
39643,rundu man
39650,kkkt _ konde and dwe
39658,idara ya maji
39706,idara ya maji
39713,kkkt
39726,dwe
39730,dwe
39736,kkkt _ konde and dwe
39743,dwe
39779,dwe
39783,dwe
39790,dwe
39812,dwe
39816,dwe
39833,dwe
39841,dwe
39863,idara ya maji
39867,dwe
39899,dwe
39911,dwe
39955,tcrs
39965,dwe
39985,kkkt _ konde and dwe
40077,dwe
40086,dwe
40091,tcrs
40108,dwe
40109,dwe
40123,dwe
40129,idara ya maji
40140,idara ya maji
40147,dwe
40182,dwe
40197,idara ya maji
40222,idara ya maji
40239,world vision
40252,dwe
40254,kkkt _ konde and dwe
40267,dwe
40280,dwe
40284,dwe
40286,dwe
40290,wananchi
40297,dwe
40299,dwe
40331,mission
40378,dwe
40380,dwe
40389,dwe
40390,tcrs
40459,dwe
40461,dwe
40499,dwe
40512,government
40537,dwe
40561,dwe
40641,dwe
40690,kkkt _ konde and dwe
40706,dwe
40716,dwe
40775,dwe
40783,wananchi
40784,dwe
40799,dwe
40805,dwe
40813,dwe
40910,dwe
40911,dwe
40947,mdrdp
40970,kkkt
40978,dwe
41002,dwe
41003,dwe
41017,dwe
41019,dwe
41029,dwe
41036,singida yetu
41048,dwe
41084,dwe
41109,dwe
41126,dwe
41134,dwe
41146,tcrs
41159,tcrs
41162,dwe
41183,dwe
41203,kkkt
41232,tcrs
41237,dwe
41276,dwe
41286,kkkt _ konde and dwe
41287,rundu man
41310,dwe
41314,dwe
41321,dwe
41325,rundu man
41341,water aid
41362,dwe
41385,dwe
41388,dwe
41446,idara ya maji
41487,tcrs
41496,dwe
41533,dwe
41534,central government
41548,kkkt _ konde and dwe
41559,dwe
41572,dwe
41573,dwe
41613,tcrs
41614,dwe
41621,kkkt _ konde and dwe
41653,idara ya maji
41657,idara ya maji
41681,dwe
41690,kkkt _ konde and dwe
41692,kkkt _ konde and dwe
41693,tcrs
41695,tcrs
41712,dwe
41722,dwe
41723,dwe
41740,dwe
41741,kkkt _ konde and dwe
41742,dwe
41791,tcrs
41803,rundu man
41824,dwe
41825,dwe
41834,dwe
41889,tcrs
41891,dwe
41905,dwe
41914,dwe
41916,dwe
41918,dwe
41928,dwe
41931,hesawa
41933,tcrs
41949,dwe
41972,idara ya maji
41987,idara ya maji
41997,kkkt _ konde and dwe
42026,dwe
42042,dwe
42063,dwe
42088,hesawa
42118,kkkt _ konde and dwe
42134,dwe
42138,dwe
42146,dwe
42149,dwe
42179,tumaini fund
42200,kkkt _ konde and dwe
42208,dwe
42241,kkkt
42242,dwe
42256,dwe
42282,dwe
42295,kkkt _ konde and dwe
42299,kkkt _ konde and dwe
42304,central government
42328,dwe
42336,dwe
42340,dwe
42348,kkkt _ konde and dwe
42372,idara ya maji
42381,dwe
42389,kkkt
42390,kkkt
42391,rundu man
42403,dwe
42426,idara ya maji
42435,dwe
42447,dwe
42451,dwe
42459,dwe
42460,dwe
42486,kkkt _ konde and dwe
42490,kkkt
42493,tcrs
42520,kkkt _ konde and dwe
42535,dwe
42556,kkkt
42558,dwe
42577,rundu man
42620,runduman
42630,dwe
42639,dwe
42659,dwe
42686,tcrs
42702,dwe
42705,kkkt _ konde and dwe
42729,dwe
42780,dwe
42784,dwe
42819,dwe
42854,dwe
42899,dwe
42901,dwe
42910,government
42920,dwe
42921,tcrs
42922,kkkt _ konde and dwe
42937,idara ya maji
42942,water aid
42943,wananchi
42964,tcrs
42976,idara ya maji
42996,kkkt
43036,dwe
43054,rundu man
43065,dwe
43087,dwe
43107,dwe
43109,tcrs
43110,tcrs
43122,tcrs
43134,dwe
43176,dwe
43184,wananchi
43186,dwe
43248,dwe
43262,dwe
43271,dwe
43286,dwe
43304,dwe
43322,dwe
43327,kkkt _ konde and dwe
43360,dwe
43362,central government
43367,dwe
43397,idara ya maji
43398,idara ya maji
43425,dwe
43437,tcrs
43442,kkkt _ konde and dwe
43466,rundu man
43470,government
43505,dwe
43530,dwe
43532,wananchi
43544,rundu man
43545,rundu man
43556,dwe
43567,dwe
43587,rundu man
43593,dwe
43638,tcrs
43642,idara ya maji
43643,dwe
43663,dwe
43672,tcrs
43682,dwe
43683,government
43705,dwe
43706,dwe
43750,dwe
43758,dwe
43783,dwe
43817,tcrs
43822,dwe
43836,rundu man
43853,idara ya maji
43864,dwe
43869,tcrs
43877,dwe
43890,dwe
43927,tcrs
43941,dwe
43987,idara ya maji
43989,tcrs
43992,dwe
43996,dwe
44015,kiliflora
44016,kkkt _ konde and dwe
44030,tcrs
44046,dwe
44071,dwe
44101,dwe
44147,government
44153,rundu man
44158,sengerema water department
44171,dwe
44229,kkkt
44230,dwe
44248,idara ya maji
44257,idara ya maji
44262,tcrs
44270,dwe
44293,kkkt _ konde and dwe
44299,kkkt _ konde and dwe
44301,tcrs
44307,kkkt _ konde and dwe
44319,idara ya maji
44349,dwe
44363,tcrs
44374,dwe
44385,sengerema water department
44386,dwe
44405,dwe
44420,hesawa
44425,dwe
44429,dwe
44448,wananchi
44509,idara ya maji
44532,kkkt _ konde and dwe
44596,dwe
44605,dwe
44607,dwe
44611,dwe
44615,dwe
44626,dwe
44635,dwe
44636,idara ya maji
44639,dwe
44687,tcrs
44694,dwe
44713,dwe
44729,dwe
44733,idara ya maji
44734,dwe
44746,rundu man
44750,dwe
44753,central government
44769,dwe
44831,kkkt _ konde and dwe
44840,kkkt
44868,dwe
44912,dwe
44932,dwe
44946,kanamama
44956,idara ya maji
44988,rundu man
44991,dwe
45049,dwe
45051,dwe
45053,tcrs
45075,0
45087,rundu man
45102,dwe
45122,tcrs
45126,dwe
45133,community
45156,kkkt _ konde and dwe
45163,kkkt
45164,dwe
45168,dwe
45212,dwe
45226,rundu man
45255,wananchi
45290,dwe
45313,dwe
45322,dwe
45339,dwe
45349,dwe
45382,mission
45409,dwe
45463,dwe
45481,shipo
45484,tcrs
45493,dwe
45494,dwe
45498,rundu man
45552,rundu man
45555,dwe
45574,idara ya maji
45583,tcrs
45606,dwe
45612,tcrs
45613,dwe
45622,dwe
45628,kkkt _ konde and dwe
45668,dwe
45682,dwe
45689,dwe
45711,tcrs
45720,dwe
45727,dwe
45735,dwe
45741,dwe
45762,kkkt
45764,idara ya maji
45793,kkkt
45796,tcrs
45804,idara ya maji
45823,idara ya maji
45826,dwe
45832,dwe
45878,kkkt _ konde and dwe
45884,dwe
45900,dwe
45909,dwe
45911,kkkt
45923,dwe
45931,dwe
45937,dwe
45944,rundu man
45949,dwe
45980,dwe
45992,dwe
45993,kkkt _ konde and dwe
45998,dwe
45999,oxfam
46026,dwe
46027,government
46037,dwe
46063,dwe
46114,dwe
46127,dwe
46174,dwe
46182,tcrs
46213,idara ya maji
46225,tcrs
46227,dwe
46235,dwe
46236,dwe
46288,dwe
46296,idara ya maji
46300,dwe
46303,rundu man
46306,dwe
46308,hesawa
46340,government
46344,rundu man
46377,dwe
46383,dwe
46389,tcrs
46406,kkkt _ konde and dwe
46422,dwe
46471,dwe
46492,dwe
46493,kkkt _ konde and dwe
46543,dwe
46570,dwe
46574,dwe
46583,tcrs
46587,kkkt _ konde and dwe
46602,dwe
46609,dwe
46614,dwe
46621,dwe
46624,dwe
46631,tcrs
46655,dwe
46659,dwe
46697,idara ya maji
46716,idara ya maji
46727,dwe
46741,dwe
46742,dwe
46745,dwe
46766,dwe
46782,0
46812,dwe
46840,tcrs
46841,dwe
46843,dwe
46860,dwe
46864,kkkt _ konde and dwe
46887,wananchi
46909,dwe
46914,tcrs
46932,kiliwater
46942,dwe
46964,kkkt _ konde and dwe
46972,dwe
46978,dwe
46985,dwe
46986,sengerema water department
46995,dwe
47023,dwe
47029,kkkt _ konde and dwe
47038,dwe
47084,dwe
47089,dwe
47097,dwe
47143,kkkt
47151,dwe
47154,dwe
47180,dwe
47184,dwe
47189,dwe
47198,dwe
47202,dwe
47216,kkkt _ konde and dwe
47220,dwe
47236,idara ya maji
47264,dwe
47270,dwe
47290,dwe
47304,kkkt _ konde and dwe
47308,dwe
47331,idara ya maji
47349,dwe
47356,rundu man
47359,dwe
47375,kkkt _ konde and dwe
47379,kkkt _ konde and dwe
47394,idara ya maji
47400,idara ya maji
47409,dwe
47415,kkkt _ konde and dwe
47417,dwe
47428,dwe
47436,dwe
47445,kkkt _ konde and dwe
47465,dwe
47477,sengerema water department
47480,dwe
47563,dwe
47571,livi
47574,dwe
47603,dwe
47613,idara ya maji
47639,dwe
47661,tcrs
47677,dwe
47682,dwe
47683,dwe
47705,dwe
47710,dwe
47715,dwe
47730,dwe
47768,dwe
47769,dwe
47796,dwe
47814,dwe
47846,dwe
47860,dwe
47864,dwe
47865,dwe
47883,dwe
47885,idara ya maji
47962,dwe
47967,kkkt _ konde and dwe
47978,dwe
47981,dwe
47984,kkkt
48020,robert mosi
48066,dwe
48105,dwe
48131,dwe
48146,dwe
48165,rundu man
48170,dwe
48183,dwe
48202,kkkt _ konde and dwe
48210,rundu man
48214,dwe
48215,dwe
48218,dwe
48237,dwe
48249,dwe
48252,kkkt
48262,dwe
48265,dwe
48289,dwe
48319,dwe
48328,wananchi
48330,dwe
48331,dwe
48350,dwe
48365,amref
48372,dwe
48377,kkkt _ konde and dwe
48394,dwe
48398,idara ya maji
48407,dwe
48411,hesawa
48427,dwe
48434,dwe
48450,dwe
48451,government
48467,mission
48496,dwe
48504,dwe
48536,dwe
48538,kkkt _ konde and dwe
48556,dwe
48559,kkkt _ konde and dwe
48576,dwe
48586,idara ya maji
48637,rwe
48643,idara ya maji
48699,muwsa
48726,atlas company
48744,dwe
48745,idara ya maji
48764,dwe
48770,dwe
48799,tcrs
48809,rundu man
48834,dwe
48849,idara ya maji
48863,tcrs
48866,idara ya maji
48879,dwe
48887,dwe
48922,dwe
48940,tcrs
48977,dwe
48993,tcrs
49008,kkkt
49066,dwe
49088,tcrs
49093,dwe
49096,rundu man
49135,rundu man
49137,tcrs
49166,dwe
49177,dwe
49182,tcrs
49197,dwe
49216,tcrs
49250,dwe
49264,tcrs
49269,dwe
49289,dwe
49323,kkkt
49354,wananchi
49369,dwe
49394,dwe
49398,idara ya maji
49399,dwe
49400,dwe
49411,tcrs
49428,idara ya maji
49484,dwe
49491,government
49503,tcrs
49518,idara ya maji
49520,dwe
49524,wananchi
49546,dwe
49547,kkkt
49590,dwe
49602,dwe
49603,tcrs
49610,dwe
49620,dwe
49622,kkkt _ konde and dwe
49624,dwe
49632,sengerema water department
49638,jika
49679,dwe
49685,hesawa
49699,dwe
49726,dwe
49729,rundu man
49752,kkkt _ konde and dwe
49777,kkkt
49787,kkkt _ konde and dwe
49809,government
49815,dwe
49844,kkkt _ konde and dwe
49863,runduman
49869,dwe
49910,dwe
49930,kkkt _ konde and dwe
49933,dwe
49941,tcrs
49965,rundu man
49970,dwe
49978,dwe
49995,hesawa
50008,idara ya maji
50020,world vision
50049,dwe
50056,dwe
50063,dwe
50080,dwe
50086,idara ya maji
50117,dwe
50123,rundu man
50129,dwe
50140,dwe
50144,tcrs
50152,dwe
50158,dwe
50164,idara ya maji
50184,dwe
50190,dwe
50238,dwe
50264,dwe
50267,amref
50280,dwe
50284,dwe
50295,wananchi
50306,dwe
50307,dwe
50322,dwe
50323,dwe
50367,dwe
50375,dwe
50398,dwe
50410,dwe
50415,idara ya maji
50431,tcrs
50432,rundu man
50442,dwe
50444,dwe
50515,kkkt
50520,dwe
50529,dwe
50534,dwe
50536,rundu man
50539,dwe
50542,kkkt church
50579,idara ya maji
50612,dwe
50613,dwe
50614,dwe
50664,rundu man
50669,sengerema water department
50677,dwe
50723,dwe
50727,dwe
50760,dwe
50773,kkkt _ konde and dwe
50804,dwe
50829,dwe
50868,dwe
50897,rundu man
50932,dwe
50962,jika
50974,idara ya maji
50975,kkkt _ konde and dwe
50981,tcrs
50994,dwe
51003,tcrs
51023,dwe
51025,dwe
51046,dwe
51048,dwe
51070,tcrs
51072,dwe
51087,dwe
51100,idara ya maji
51120,dwe
51123,tcrs
51138,kkkt _ konde and dwe
51160,idara ya maji
51173,dwe
51176,dwe
51206,dwe
51214,dwe
51218,dwe
51244,idara ya maji
51258,dwe
51283,dwe
51291,dwe
51293,dwe
51316,tcrs
51321,dwe
51376,dwe
51384,dwe
51399,dwe
51405,dwe
51408,dwe
51410,dwe
51418,dwe
51426,idara ya maji
51430,dwe
51440,government
51441,kkkt
51446,rundu man
51449,kkkt _ konde and dwe
51459,dwe
51471,dwe
51479,dwe
51487,dwe
51521,dwe
51522,government
51527,rundu man
51550,dwe
51560,government
51573,dwe
51575,dwe
51595,dwe
51601,kkkt _ konde and dwe
51631,kkkt _ konde and dwe
51648,dwe
51661,tcrs
51675,dwe
51700,dwe
51714,dwe
51731,kkkt
51744,dwe
51745,dwe
51762,dwe
51768,dwe
51772,dwe
51778,government
51792,dwe
51854,dwe
51879,dwe
51912,dwe
51955,rundu man
51967,dwe
51971,dwe
51973,0
51975,dwe
51977,dwe
51981,dwe
51993,dwe
52006,dwe
52048,dwe
52051,tcrs
52059,idara ya maji
52078,dwe
52088,kkkt _ konde and dwe
52099,tcrs
52117,dwe
52147,dwe
52150,dwe
52192,dwe
52197,dwe
52209,dwe
52224,ir
52230,dwe
52242,idara ya maji
52252,dwe
52260,dwe
52283,kkkt _ konde and dwe
52319,dwe
52331,dwe
52347,dwe
52350,rundu man
52368,dwe
52373,tcrs
52383,dwe
52391,dwe
52398,wananchi
52413,tcrs
52414,dwe
52435,idara ya maji
52447,dwe
52449,rundu man
52452,dwe
52470,dwe
52471,central government
52473,dwe
52474,dwe
52477,dwe
52495,dwe
52519,dwe
52540,dwe
52548,dwe
52552,idara ya maji
52569,rundu man
52570,kkkt _ konde and dwe
52581,wananchi
52592,wananchi
52597,dwe
52629,dwe
52677,dwe
52681,tcrs
52688,dwe
52713,rundu man
52763,dwe
52784,dwe
52796,dwe
52806,dwe
52819,dwe
52876,dwe
52879,0
52886,dwe
52890,dwe
52900,dwe
52915,idara ya maji
52927,kkkt _ konde and dwe
52939,tcrs
52964,dwe
52968,dwe
52979,dwe
52989,dwe
53004,idara ya maji
53039,dwe
53045,idara ya maji
53067,dwe
53124,dwe
53146,dwe
53156,kkkt _ konde and dwe
53163,gover
53174,dwe
53183,runduman
53189,tcrs
53203,dwe
53204,dwe
53219,tcrs
53223,dwe
53229,rundu man
53231,dwe
53274,dwe
53276,hesawa
53288,dwe
53289,kkkt _ konde and dwe
53291,tcrs
53321,tcrs
53327,rundu man
53329,rundu man
53339,dwe
53346,dwe
53356,dwe
53360,dwe
53417,dwe
53425,dwe
53428,dwe
53437,kkkt _ konde and dwe
53442,tcrs
53448,idara ya maji
53450,dwe
53452,wananchi
53453,idara ya maji
53493,dwe
53508,dwe
53516,dwe
53527,dwe
53536,dwe
53538,dwe
53577,tcrs
53594,dwe
53631,rundu man
53632,rundu man
53644,tcrs
53653,dwe
53710,rundu man
53736,dwe
53797,idara ya maji
53821,dwe
53843,kkkt _ konde and dwe
53851,dwe
53882,dwe
53892,idara ya maji
53894,dwe
53924,kkkt _ konde and dwe
53926,rundu man
53928,idara ya maji
53930,dwe
53941,dwe
53951,dwe
53959,kkkt _ konde and dwe
53967,0
53979,dwe
53994,dwe
54022,dwe
54033,idara ya maji
54040,kkkt _ konde and dwe
54050,dwe
54079,dwe
54115,dwe
54123,rundu man
54124,dmdd
54136,dwe
54147,tcrs
54150,dwe
54155,0
54188,kkkt _ konde and dwe
54215,dwe
54238,dwe
54239,kkkt _ konde and dwe
54252,central government
54253,rundu man
54258,dwe
54281,dwe
54290,dwe
54335,dwe
54339,dwe
54347,idara ya maji
54354,dwe
54378,dwe
54380,idara ya maji
54387,dwe
54402,dwe
54415,dwe
54426,dwe
54434,dwe
54454,dwe
54477,dwe
54497,dwe
54525,dwe
54534,desk c
54562,dwe
54564,dwe
54584,dwe
54625,dwe
54626,dwe
54653,rundu man
54667,dwe
54676,dwe
54682,dwe
54744,dwe
54755,idara ya maji
54770,tcrs
54772,dwe
54782,dwe
54797,dwe
54803,dwe
54815,rundu man
54841,dwe
54848,dwe
54852,dwe
54859,dwe
54899,dwe
54909,rundu man
54919,tcrs
54921,tcrs
54951,dwe
54962,rundu man
54971,dwe
55014,wananchi
55020,dwe
55042,rundu man
55048,idara ya maji
55057,idara ya maji
55062,tcrs
55081,government
55084,rundu man
55095,rundu man
55113,dwe
55155,dwe
55156,dwe
55182,idara ya maji
55183,dwe
55191,idara ya maji
55230,dwe
55248,dwe
55265,dwe
55281,dwe
55298,dwe
55302,wananchi
55304,idara ya maji
55347,rundu man
55351,dwe
55355,rundu man
55366,government
55392,mission
55440,dwe
55533,gover
55540,dwe
55543,kkkt _ konde and dwe
55585,dwe
55590,dwe
55596,dwe
55610,dwe
55614,dwe
55654,idara ya maji
55683,rundu man
55699,dwe
55700,dwe
55721,dwe
55726,dwe
55784,rundu man
55822,dwe
55840,dwe
55842,rundu man
55851,idara ya maji
55862,dwe
55877,dwe
55882,dwe
55926,dwe
55929,gover
55966,rundu man
55969,dwe
55984,wananchi
56007,dwe
56074,dwe
56082,dwe
56105,dwe
56115,tcrs
56117,dwe
56121,hesawa
56143,dwe
56155,kkkt _ konde and dwe
56170,dwe
56181,dwe
56200,dwe
56202,dwe
56203,tcrs
56277,government
56279,dwe
56296,dwe
56313,dwe
56314,dwe
56334,idara ya maji
56368,idara ya maji
56387,dwe
56404,idara ya maji
56412,dwe
56429,dwe
56446,dwe
56456,tcrs
56489,dwe
56543,dwe
56545,dwe
56550,dwe
56583,dwe
56584,dwe
56585,dwe
56587,dwe
56593,kkkt _ konde and dwe
56612,dwe
56623,dwe
56625,dwe
56639,twesa
56651,dwe
56684,idara ya maji
56697,dwe
56713,dwe
56720,dwe
56732,tcrs
56745,tcrs
56751,dwe
56757,dwe
56768,kkkt _ konde and dwe
56772,dwe
56823,tcrs
56830,tcrs
56840,kkkt _ konde and dwe
56848,dwe
56864,kkkt _ konde and dwe
56868,dwe
56884,idara ya maji
56898,dwe
56911,dwe
56916,tcrs
56922,dwe
56944,tcrs
56947,dwe
56958,kkkt _ konde and dwe
56989,dwe
56992,dwe
57007,idara ya maji
57052,dwe
57055,dwe
57065,dwe
57085,government
57092,tcrs
57098,dwe
57111,dwe
57120,dwe
57128,dwe
57132,dwe
57140,idara ya maji
57188,rundu man
57217,dwe
57233,0
57243,kkkt _ konde and dwe
57253,idara ya maji
57265,kkkt
57268,dwe
57274,dwe
57300,dwe
57313,dwe
57353,dwe
57358,lga
57366,dwe
57375,dwe
57382,dwe
57390,0
57427,dwe
57462,runduman
57480,dwe
57525,kkkt
57551,dwe
57624,dwe
57629,dwe
57643,kkkt _ konde and dwe
57645,dwe
57659,wananchi
57674,dwe
57679,tcrs
57695,kkkt _ konde and dwe
57699,tcrs
57730,dwe
57762,wananchi
57786,idara ya maji
57846,tcrs
57872,dwe
57877,idara ya maji
57883,kkkt _ konde and dwe
57886,kkkt _ konde and dwe
57891,dwe
57897,kkkt _ konde and dwe
57907,dwe
57919,grumeti
57933,idara ya maji
57955,idara ya maji
57981,dwe
57990,rundu man
58012,dwe
58013,dwe
58073,rundu man
58097,dwe
58113,dwe
58123,idara ya maji
58128,rundu man
58164,idara ya maji
58176,dwe
58184,tcrs
58229,wedeco
58244,dwe
58252,idara ya maji
58293,dwe
58298,tcrs
58307,dwe
58309,dwe
58328,dwe
58340,kkkt _ konde and dwe
58352,runduman
58400,dwe
58421,tcrs
58425,dwe
58429,dwe
58451,dwe
58501,dwe
58511,dwe
58560,idara ya maji
58586,idara ya maji
58603,idara ya maji
58613,dwe
58616,dwe
58645,dwe
58686,government
58689,dwe
58695,dwe
58742,dwe
58774,dwe
58784,dwe
58841,dwe
58880,runduman
58908,idara ya maji
58925,idara ya maji
58939,dwe
58955,dwe
58973,dwe
58980,idara ya maji
58989,wananchi
59043,tcrs
59044,dwe
59061,dwe
59077,rundu man
59081,dwe
59102,idara ya maji
59109,tcrs
59115,kkkt _ konde and dwe
59144,dwe
59163,idara ya maji
59181,tcrs
59188,kkkt _ konde and dwe
59190,dwe
59231,livi
59260,dwe
59282,dwe
59339,dwe
59344,oikos e .africa
59357,tcrs
59366,rundu man
59370,dwe
59376,tcrs
59397,dwe
59402,rundu man
59415,dwe
59421,idara ya maji
59447,dwe
59459,tcrs
59498,dwe
59502,dwe
59508,kkkt _ konde and dwe
59511,idara ya maji
59554,idara ya maji
59565,dwe
59634,idara ya maji
59641,dwe
59650,dwe
59652,dwe
59669,dwe
59674,dwe
59715,kkkt _ konde and dwe
59717,dwe
59746,rundu man
59747,dwe
59754,dwe
59761,dwe
59766,tcrs
59771,dwe
59790,wananchi
59807,idara ya maji
59854,dwe
59902,dwe
59934,dwe
59941,dwe
59983,idara ya maji
60001,tcrs
60005,dwe
60021,rundu man
60027,kkkt
60039,dwe
60073,idara ya maji
60076,idara ya maji
60078,dwe
60130,dwe
60161,tcrs
60191,dwe
60193,kkkt _ konde and dwe
60233,dwe
60254,tcrs
60276,dwe
60277,dwe
60280,tcrs
60305,dwe
60328,dwe
60335,dwe
60362,runduman
60369,mission
60376,dwe
60382,dwe
60384,tcrs
60399,dwe
60423,dwe
60426,dwe
60435,idara ya maji
60460,dwe
60497,government
60586,idara ya maji
60589,dwe
60595,dwe
60599,dwe
60625,dwe
60643,dwe
60671,dwe
60676,tcrs
60680,dwe
60696,idara ya maji
60702,dwe
60704,dwe
60734,idara ya maji
60746,rundu man
60760,dwe
60801,rundu man
60805,dwe
60835,dwe
60840,rundu man
60927,tcrs
60931,dwe
60941,dwe
60976,dwe
60985,tcrs
61008,kkkt
61079,dwe
61092,dwe
61125,dwe
61133,dwe
61135,dwe
61140,dwe
61142,dwe
61161,world vision
61173,dwe
61185,dwe
61186,dwe
61197,dwe
61204,idara ya maji
61207,dwe
61217,dwe
61247,dwe
61272,dwe
61277,dwe
61300,dwe
61313,tcrs
61327,dwe
61373,dwe
61384,dwe
61401,kkkt
61415,tcrs
61423,dwe
61441,dwe
61453,rundu man
61485,dwe
61521,dwe
61527,government
61536,dwe
61559,idara ya maji
61581,government
61624,dwe
61649,dwe
61675,dwe
61709,world vision
61725,kkkt _ konde and dwe
61744,kkkt _ konde and dwe
61769,dwe
61786,tcrs
61789,dwe
61790,rundu man
61822,dwe
61825,dwe
61840,dwe
61844,sengerema water department
61849,dwe
61857,dwe
61878,dwe
61906,villagers
61915,dwe
61921,idara ya maji
61944,rundu man
61962,dwe
61964,dwe
61970,rundu man
61978,dwe
61981,dwe
62017,dwe
62037,dwe
62041,dwe
62048,dwe
62078,idara ya maji
62079,dwe
62112,dwe
62120,dwe
62136,dwe
62180,government
62187,dwe
62192,dwe
62237,government
62247,hesawa
62249,dwe
62270,dwe
62272,tcrs
62280,tcrs
62292,mombia
62330,dwe
62334,dwe
62337,dwe
62341,dwe
62346,dwe
62374,dwe
62389,dwe
62393,dwe
62398,dwe
62399,mission
62400,dwe
62424,dwe
62434,dwe
62455,dwe
62459,wananchi
62465,dwe
62488,kkkt _ konde and dwe
62492,dwe
62499,government
62510,dwe
62512,dwe
62531,dwe
62556,tcrs
62567,dwe
62573,rundu man
62575,dwe
62585,runduman
62618,wizara ya maji
62623,dwe
62624,oxfam
62664,dwe
62678,dwe
62737,tcrs
62795,dwe
62831,dwe
62846,dwe
62920,dwe
62922,dwe
62924,dwe
62969,tcrs
62985,dwe
63003,idara ya maji
63011,dwe
63033,tcrs
63041,idara ya maji
63042,tcrs
63073,dwe
63086,idara ya maji
63112,idara ya maji
63113,idara ya maji
63154,tcrs
63167,kkkt _ konde and dwe
63171,dwe
63205,dwe
63217,dwe
63246,kanamama
63254,dwe
63267,dwe
63290,dwe
63346,dwe
63352,dwe
63367,rwe
63374,rundu man
63388,dwe
63399,kkkt
63400,dwe
63416,kkkt _ konde and dwe
63443,dwe
63451,dwe
63478,rundu man
63479,ki
63545,dwe
63547,dwe
63579,tcrs
63585,dwe
63589,dwe
63624,hesawa
63639,dwe
63662,dwe
63695,rwe /community
63703,dwe
63727,idara ya maji
63733,mombia
63846,idara ya maji
63851,idara ya maji
63866,tcrs
63918,idara ya maji
63941,kuwait
63953,water aid
63954,dwe
63963,dwe
63991,dwe
64007,dwe
64011,dwe
64025,dwe
64053,dwe
64062,dwe
64073,idara ya maji
64104,government
64130,dwe
64133,dwe
64158,dwe
64159,dwe
64178,dwe
64203,tcrs
64211,rundu man
64218,central government
64248,idara ya maji
64306,dwe
64324,dwe
64335,dwe
64349,dwe
64379,rundu man
64384,idara ya maji
64433,dwe
64443,dwe
64451,wananchi
64487,idara ya maji
64516,dwe
64530,idara ya maji
64541,dwe
64590,dwe
64592,dwe
64597,dwe
64610,dwe
64662,world vision
64686,kkkt _ konde and dwe
64726,dwe
64748,dwe
64768,dwe
64789,dwe
64800,dwe
64811,dwe
64812,runduman
64819,dwe
64826,dwe
64829,dwe
64865,dwe
64883,dwe
64893,dwe
64901,tcrs
64903,dwe
64909,central government
64916,government
64922,dwe
64931,dwe
64935,dwe
64946,idara ya maji
64961,runduman
64965,dwe
64978,idara ya maji
64983,dwe
65017,idara ya maji
65032,dwe
65033,idara ya maji
65050,dwe
65087,dwe
65095,shipo
65108,dwe
65123,tcrs
65132,tcrs
65137,dwe
65164,dwe
65170,dwe
65180,tcrs
65186,dwe
65188,wananchi
65214,dwe
65221,dwe
65240,dwe
65248,tcrs
65255,wananchi
65272,dwe
65278,dwe
65292,dwe
65296,idara ya maji
65338,dwe
65347,dwe
65350,world vision
65357,kkkt _ konde and dwe
65398,dwe
65440,dwe
65445,dwe
65485,kkkt _ konde and dwe
65517,dwe
65528,idara ya maji
65546,wanjoda
65567,tcrs
65569,dwe
65571,kkkt _ konde and dwe
65572,wananchi
65574,dwe
65578,dwe
65604,dwe
65654,dwe
65658,kuwait
65685,dwe
65708,hesawa
65713,dwe
65746,dwe
65766,dwe
65782,dwe
65817,dwe
65819,dwe
65848,tcrs
65876,dwe
65903,tcrs
65904,dwe
65905,kkkt _ konde and dwe
65923,dwe
65944,dwe
65950,rundu man
65982,dwe
65986,dwe
66002,tcrs
66039,dwe
66056,dwe
66105,tcrs
66124,dwe
66143,kkkt _ konde and dwe
66187,dwe
66191,dwe
66211,dwe
66232,idara ya maji
66275,dwe
66339,dwe
66369,dwe
66372,idara ya maji
66393,wananchi
66424,dwe
66440,dwe
66479,dwe
66481,dwe
66540,kkkt _ konde and dwe
66582,dwe
66591,idara ya maji
66608,rundu man
66617,government
66626,idara ya maji
66640,dwe
66650,danida
66663,dwe
66727,dwe
66795,dwe
66797,dwe
66832,dwe
66855,idara ya maji
66858,dwe
66865,idara ya maji
66879,dwe
66883,idara ya maji
66917,dwe
66925,dwe
66954,dwe
66959,dwe
66973,tcrs
66983,dwe
66994,dwe
66995,dwe
67021,dwe
67046,dwe
67049,dwe
67062,dwe
67081,dwe
67087,idara ya maji
67095,dwe
67100,tcrs
67102,tcrs
67178,dwe
67183,dwe
67193,dwe
67221,dwe
67232,dwe
67262,kkkt
67289,dwe
67305,dwe
67317,tcrs
67326,dwe
67342,dwe
67348,dwe
67350,dwe
67373,dwe
67390,dwe
67407,dwe
67450,idara ya maji
67451,dwe
67480,dwe
67496,kkkt _ konde and dwe
67513,idara ya maji
67553,dwe
67560,dwe
67580,dwe
67582,dwe
67608,dwe
67613,dwe
67618,dwe
67650,tcrs
67657,dwe
67662,dwe
67663,dwe
67677,dwe
67681,tcrs
67683,dwe
67696,dwe
67707,dwe
67714,dwe
67742,kkkt _ konde and dwe
67753,dwe
67783,idara ya maji
67788,dwe
67789,idara ya maji
67812,dwe
67818,idara ya maji
67835,kkkt _ konde and dwe
67845,dwe
67859,dwe
67935,idara ya maji
67956,dwe
67980,dwe
68039,dwe
68045,dwe
68063,dwe
68072,dwe
68073,dwe
68088,dwe
68094,dwe
68105,dwe
68116,dwe
68125,danida
68149,dwe
68155,rundu man
68175,dwe
68212,dwe
68225,dwe
68226,kkkt _ konde and dwe
68267,tcrs
68268,dwe
68271,tcrs
68274,idara ya maji
68346,dwe
68358,dwe
68378,tcrs
68425,dwe
68435,dwe
68451,dwe
68462,idara ya maji
68474,idara ya maji
68510,dwe
68537,rundu man
68582,dwe
68584,dwe
68599,idara ya maji
68609,kkkt
68613,dwe
68629,dwe
68632,kkkt _ konde and dwe
68635,idara ya maji
68651,dwe
68701,dwe
68756,rundu man
68776,rwssp
68778,dwe
68807,tcrs
68840,rundu man
68860,dwe
68869,kkkt _ konde and dwe
68873,dwe
68880,dwe
68904,dwe
68913,dwe
68931,dwe
68958,dwe
68977,dwe
68999,kkkt _ konde and dwe
69024,rundu man
69033,dwe
69042,tcrs
69087,tcrs
69109,dwe
69145,dwe
69156,idara ya maji
69212,dwe
69240,wananchi
69241,wananchi
69243,dwe
69244,kkkt _ konde and dwe
69246,kim kim construction
69271,dwe
69307,dwe
69315,dwe
69319,dwe
69328,kkkt _ konde and dwe
69329,tcrs
69350,wananchi
69359,dwe
69398,dwe
69422,dwe
69425,dwe
69455,dwe
69456,dwe
69517,dwe
69521,dwe
69610,dwe
69640,dwe
69645,rundu man
69663,wananchi
69667,wananchi
69671,idara ya maji
69686,dwe
69746,district council
69760,tcrs
69770,runduman
69783,dwe
69794,dwe
69804,rundu man
69814,dwe
69835,tcrs
69860,dwe
69865,rwssp
69877,dwe
69880,dwe
69882,dwe
69898,dwe
69906,tcrs
69917,dwe
69921,dwe
69948,dwe
69967,wananchi
69974,dwe
70015,dwe
70018,dwe
70073,dwe
70087,kanamama
70122,dwe
70131,dwe
70158,dwe
70207,world vision
70219,dwe
70241,dwe
70266,idara ya maji
70270,dwe
70288,wanjoda
70295,dwe
70412,dwe
70414,wananchi
70415,tcrs
70464,dwe
70480,rundu man
70493,dwe
70512,dwe
70520,tcrs
70525,dwe
70583,tcrs
70623,tcrs
70641,tcrs
70655,kkkt _ konde and dwe
70673,kkkt _ konde and dwe
70687,government
70688,dwe
70694,tcrs
70715,dwe
70745,runduman
70761,dwe
70766,dwe
70783,tcrs
70812,dwe
70864,tcrs
70876,idara ya maji
70886,kkkt _ konde and dwe
70900,idara ya maji
70911,kkkt _ konde and dwe
70914,dwe
70939,kkkt _ konde and dwe
70953,dwe
70965,dwe
70974,active tank co
71063,dwe
71095,dwe
71119,dwe
71144,dwe
71218,dwe
71232,dwe
71247,dwe
71293,dwe
71323,dwe
71380,dwe
71381,dwe
71383,dwe
71391,wananchi
71421,dwe
71431,dwe
71460,dwe
71464,dwe
71468,rundu man
71478,dwe
71479,tcrs
71485,kkkt
71519,dwe
71569,tcrs
71606,rundu man
71614,dwe
71629,rundu man
71639,dwe
71651,dwe
71652,rundu man
71662,wananchi
71683,government
71699,dwe
71713,dwe
71722,idara ya maji
71724,dwe
71730,dwe
71744,dwe
71770,dwe
71775,dwe
71787,dwe
71800,dwe
71811,government
71815,dwe
71817,dwe
71842,dwe
71863,dwe
71866,dwe
71918,dwe
71938,idara ya maji
71957,dwe
72002,dwe
72008,dwe
72016,dwe
72028,kkkt
72029,kkkt _ konde and dwe
72047,dwe
72051,wananchi
72091,dwe
72118,idara ya maji
72140,dwe
72155,tcrs
72159,dwe
72192,dwe
72202,dwe
72235,dwe
72241,kkkt _ konde and dwe
72262,dwe
72270,dwe
72282,dwe
72310,dwe
72328,dwe
72352,dwe
72357,wizara ya maji
72381,dwe
72399,rundu man
72405,dwe
72407,dwe
72419,hesawa
72473,dwe
72474,idara ya maji
72513,government
72523,dwe
72530,dwe
72532,kkkt
72540,tcrs
72544,kkkt _ konde and dwe
72553,rundu man
72604,dwe
72632,dwe
72637,rundu man
72638,dwe
72641,idara ya maji
72670,dwe
72672,dwe
72704,dwe
72708,tcrs
72790,dwe
72798,dwe
72799,tcrs
72807,dwe
72808,dwe
72835,tcrs
72847,dwe
72906,dwe
72985,dwe
72990,rundu man
73009,dwe
73015,dwe
73091,wananchi
73093,tcrs
73103,dwe
73125,idara ya maji
73129,dwe
73152,dwe
73157,kkkt _ konde and dwe
73164,dwe
73165,tcrs
73197,dwe
73208,dwe
73213,dwe
73215,dwe
73217,idara ya maji
73238,dwe
73239,dwe
73258,dwe
73268,government
73298,rundu man
73312,tcrs
73316,dwe
73321,kkkt _ konde and dwe
73348,dwe
73360,dwe
73433,idara ya maji
73441,dwe
73450,dwe
73462,tcrs
73475,idara ya maji
73481,dwe
73526,kkkt
73540,dwe
73547,dwe
73553,dwe
73557,dwe
73608,dwe
73618,tcrs
73624,dwe
73628,dwe
73641,rundu man
73658,dwe
73661,idara ya maji
73684,dwe
73706,dwe
73755,rundu man
