53,nyalwashi
168,ibabachegu
177,ibabachegu
253,nyalwashi
256,nyalwashi
301,nyalwashi
306,nyalwashi
323,nyalwashi
326,nyalwashi
370,nyalwashi
433,ibabachegu
659,ibabachegu
678,nyalwashi
697,ibabachegu
798,ibabachegu
911,ibabachegu
960,ibabachegu
965,nyalwashi
1079,nyalwashi
1122,nyalwashi
1191,nyalwashi
1252,ibabachegu
1303,nyalwashi
1333,ibabachegu
1334,ibabachegu
1424,nyalwashi
1525,ibabachegu
1549,nyalwashi
1561,nyalwashi
1571,ibabachegu
1600,nyalwashi
1606,ibabachegu
1611,ibabachegu
1830,nyalwashi
1918,nyalwashi
1930,nyalwashi
1936,nyalwashi
2033,nyalwashi
2230,nyalwashi
2234,nyalwashi
2262,nyalwashi
2279,ibabachegu
2424,ibabachegu
2564,ibabachegu
2634,nyalwashi
2675,ibabachegu
2700,ibabachegu
2877,ibabachegu
2884,nyalwashi
2902,ibabachegu
3224,ibabachegu
3268,nyalwashi
3295,ibabachegu
3344,nyalwashi
3400,nyalwashi
3415,ibabachegu
3428,ibabachegu
3468,ibabachegu
3622,nyalwashi
3680,nyalwashi
3681,nyalwashi
3728,ibabachegu
3994,ibabachegu
4169,ibabachegu
4248,nyalwashi
4263,nyalwashi
4354,nyalwashi
4546,nyalwashi
4564,ibabachegu
4636,ibabachegu
4768,nyalwashi
4801,nyalwashi
4851,nyalwashi
4962,nyalwashi
5091,ibabachegu
5136,nyalwashi
5235,nyalwashi
5243,ibabachegu
5280,nyalwashi
5294,nyalwashi
5420,ibabachegu
5563,nyalwashi
5572,nyalwashi
5587,ibabachegu
5745,nyalwashi
5875,ibabachegu
5963,nyalwashi
6079,ibabachegu
6083,ibabachegu
6121,nyalwashi
6218,nyalwashi
6307,nyalwashi
6353,ibabachegu
6374,nyalwashi
6741,ibabachegu
6776,nyalwashi
6841,nyalwashi
6891,ibabachegu
6894,nyalwashi
6920,nyalwashi
6931,ibabachegu
7050,ibabachegu
7111,ibabachegu
7345,nyalwashi
7578,ibabachegu
7581,ibabachegu
7588,nyalwashi
7844,ibabachegu
7966,nyalwashi
8032,nyalwashi
8106,ibabachegu
8135,ibabachegu
8172,nyalwashi
8409,ibabachegu
8432,ibabachegu
8460,nyalwashi
8483,ibabachegu
8711,nyalwashi
8731,nyalwashi
8797,nyalwashi
8845,ibabachegu
9146,nyalwashi
9544,nyalwashi
9600,nyalwashi
9710,ibabachegu
10001,nyalwashi
10005,ibabachegu
10070,nyalwashi
10123,ibabachegu
10245,ibabachegu
10250,ibabachegu
10488,nyalwashi
10702,nyalwashi
10731,nyalwashi
10896,ibabachegu
10915,nyalwashi
11249,ibabachegu
11260,nyalwashi
11289,nyalwashi
11376,nyalwashi
11395,nyalwashi
11450,nyalwashi
11468,nyalwashi
11691,ibabachegu
11754,ibabachegu
11870,nyalwashi
11938,ibabachegu
11943,ibabachegu
11992,nyalwashi
12168,nyalwashi
12188,ibabachegu
12241,nyalwashi
12268,nyalwashi
12310,ibabachegu
12437,nyalwashi
12548,nyalwashi
12561,nyalwashi
12720,ibabachegu
12840,nyalwashi
13126,nyalwashi
13157,nyalwashi
13355,nyalwashi
13365,nyalwashi
13396,ibabachegu
13423,nyalwashi
13555,nyalwashi
13678,nyalwashi
13823,nyalwashi
13962,nyalwashi
14059,ibabachegu
14198,nyalwashi
14205,nyalwashi
14314,ibabachegu
14504,nyalwashi
14549,nyalwashi
14650,nyalwashi
14983,ibabachegu
15097,nyalwashi
15268,ibabachegu
15322,nyalwashi
15336,nyalwashi
15343,nyalwashi
15347,nyalwashi
15365,nyalwashi
15560,ibabachegu
15636,ibabachegu
15666,nyalwashi
15762,ibabachegu
15879,ibabachegu
15908,ibabachegu
15924,ibabachegu
15973,ibabachegu
16104,nyalwashi
16299,ibabachegu
16321,nyalwashi
16334,nyalwashi
16389,ibabachegu
16546,nyalwashi
16587,nyalwashi
16642,nyalwashi
16703,nyalwashi
16738,ibabachegu
16815,nyalwashi
16915,nyalwashi
16926,nyalwashi
16928,ibabachegu
16962,nyalwashi
17048,nyalwashi
17138,nyalwashi
17242,nyalwashi
17267,nyalwashi
17303,ibabachegu
17344,ibabachegu
17440,nyalwashi
17457,ibabachegu
17622,ibabachegu
17688,nyalwashi
17705,ibabachegu
17846,ibabachegu
17950,nyalwashi
17975,ibabachegu
18192,ibabachegu
18217,ibabachegu
18316,nyalwashi
18318,ibabachegu
18362,ibabachegu
18479,ibabachegu
18582,ibabachegu
18676,ibabachegu
18767,nyalwashi
18808,nyalwashi
18827,nyalwashi
18960,nyalwashi
19033,nyalwashi
19042,nyalwashi
19070,ibabachegu
19085,ibabachegu
19124,nyalwashi
19299,nyalwashi
19300,ibabachegu
19319,nyalwashi
19388,nyalwashi
19404,ibabachegu
19920,nyalwashi
19944,ibabachegu
19987,nyalwashi
20016,nyalwashi
20068,nyalwashi
20192,nyalwashi
20314,nyalwashi
20360,nyalwashi
20438,nyalwashi
20600,nyalwashi
20711,ibabachegu
20931,ibabachegu
21034,nyalwashi
21056,nyalwashi
21062,nyalwashi
21094,nyalwashi
21185,ibabachegu
21206,ibabachegu
21270,ibabachegu
21273,ibabachegu
21285,ibabachegu
21308,nyalwashi
21338,nyalwashi
21688,nyalwashi
21767,ibabachegu
21830,nyalwashi
21832,ibabachegu
22081,nyalwashi
22150,nyalwashi
22773,nyalwashi
22880,ibabachegu
22989,ibabachegu
23028,ibabachegu
23050,nyalwashi
23055,ibabachegu
23102,ibabachegu
23115,nyalwashi
23221,nyalwashi
23277,nyalwashi
23416,nyalwashi
23461,ibabachegu
23482,nyalwashi
23546,ibabachegu
23644,ibabachegu
23683,nyalwashi
23717,ibabachegu
23755,ibabachegu
23765,ibabachegu
23834,ibabachegu
24108,nyalwashi
24119,nyalwashi
24173,ibabachegu
24332,ibabachegu
24348,nyalwashi
24357,ibabachegu
24614,nyalwashi
24714,nyalwashi
24755,ibabachegu
24804,nyalwashi
24806,ibabachegu
24855,nyalwashi
24932,nyalwashi
24948,ibabachegu
24955,ibabachegu
25019,nyalwashi
25173,ibabachegu
25282,nyalwashi
25291,ibabachegu
25480,ibabachegu
25693,nyalwashi
25734,ibabachegu
25810,nyalwashi
25817,ibabachegu
25911,ibabachegu
25915,nyalwashi
26037,nyalwashi
26052,nyalwashi
26074,nyalwashi
26146,ibabachegu
26200,nyalwashi
26256,ibabachegu
26411,nyalwashi
26412,ibabachegu
26470,ibabachegu
26534,nyalwashi
26747,ibabachegu
27078,ibabachegu
27082,nyalwashi
27190,nyalwashi
27224,ibabachegu
27279,nyalwashi
27330,ibabachegu
27383,ibabachegu
27514,nyalwashi
27615,nyalwashi
27706,nyalwashi
27787,ibabachegu
28106,ibabachegu
28239,ibabachegu
28299,nyalwashi
28304,nyalwashi
28349,ibabachegu
28518,nyalwashi
28587,nyalwashi
28629,nyalwashi
28742,nyalwashi
28766,ibabachegu
28824,ibabachegu
28877,nyalwashi
28880,nyalwashi
28955,ibabachegu
29044,nyalwashi
29050,nyalwashi
29157,ibabachegu
29173,nyalwashi
29204,nyalwashi
29247,ibabachegu
29319,ibabachegu
29413,ibabachegu
29493,ibabachegu
29499,ibabachegu
29524,ibabachegu
29868,nyalwashi
30037,ibabachegu
30051,ibabachegu
30088,ibabachegu
30250,nyalwashi
30393,ibabachegu
30411,ibabachegu
30424,nyalwashi
30478,ibabachegu
30500,ibabachegu
30584,nyalwashi
30607,ibabachegu
30633,nyalwashi
30687,nyalwashi
30698,ibabachegu
30710,nyalwashi
30769,ibabachegu
30847,ibabachegu
30882,nyalwashi
31000,nyalwashi
31136,ibabachegu
31264,ibabachegu
31339,nyalwashi
31350,nyalwashi
31388,nyalwashi
31403,nyalwashi
31598,ibabachegu
31696,ibabachegu
31826,ibabachegu
31875,ibabachegu
31878,ibabachegu
31925,ibabachegu
31964,ibabachegu
32096,nyalwashi
32111,nyalwashi
32315,nyalwashi
32423,nyalwashi
32450,nyalwashi
32509,nyalwashi
32659,ibabachegu
32760,nyalwashi
32889,nyalwashi
32985,nyalwashi
33131,ibabachegu
33133,nyalwashi
33240,nyalwashi
33402,ibabachegu
33503,ibabachegu
33536,ibabachegu
33564,ibabachegu
33579,nyalwashi
33736,nyalwashi
33855,nyalwashi
34073,ibabachegu
34081,ibabachegu
34165,nyalwashi
34189,nyalwashi
34310,nyalwashi
34465,nyalwashi
34476,ibabachegu
34722,ibabachegu
34787,ibabachegu
34907,nyalwashi
34964,nyalwashi
35045,nyalwashi
35118,ibabachegu
35194,ibabachegu
35276,nyalwashi
35355,nyalwashi
35560,ibabachegu
35608,nyalwashi
35673,nyalwashi
35759,nyalwashi
35822,nyalwashi
35925,nyalwashi
35937,nyalwashi
36069,nyalwashi
36205,ibabachegu
36430,nyalwashi
36581,ibabachegu
36859,ibabachegu
37202,nyalwashi
37243,nyalwashi
37275,nyalwashi
37303,nyalwashi
37439,nyalwashi
37510,ibabachegu
37643,nyalwashi
37684,ibabachegu
37709,nyalwashi
37816,nyalwashi
37896,ibabachegu
37925,ibabachegu
38024,ibabachegu
38044,nyalwashi
38150,ibabachegu
38176,ibabachegu
38246,ibabachegu
38299,ibabachegu
38317,ibabachegu
38421,ibabachegu
38612,nyalwashi
38646,ibabachegu
38683,nyalwashi
38686,ibabachegu
38763,ibabachegu
39009,nyalwashi
39059,ibabachegu
39122,nyalwashi
39349,nyalwashi
39356,nyalwashi
39509,ibabachegu
39587,nyalwashi
39800,ibabachegu
39836,nyalwashi
40000,nyalwashi
40032,nyalwashi
40042,nyalwashi
40111,nyalwashi
40287,nyalwashi
40296,ibabachegu
40356,ibabachegu
40377,ibabachegu
40696,nyalwashi
40749,ibabachegu
40900,ibabachegu
40937,ibabachegu
40959,nyalwashi
40962,ibabachegu
40998,nyalwashi
41012,nyalwashi
41182,ibabachegu
41321,ibabachegu
41428,ibabachegu
41471,ibabachegu
41523,nyalwashi
41671,nyalwashi
41689,ibabachegu
41771,nyalwashi
41784,nyalwashi
41808,ibabachegu
41931,nyalwashi
41980,nyalwashi
42190,nyalwashi
42251,nyalwashi
42321,ibabachegu
42332,nyalwashi
42400,nyalwashi
42419,nyalwashi
42461,nyalwashi
42513,ibabachegu
42562,ibabachegu
42691,ibabachegu
42801,nyalwashi
42889,nyalwashi
42945,ibabachegu
43163,nyalwashi
43346,nyalwashi
43361,nyalwashi
43393,ibabachegu
43405,ibabachegu
43422,nyalwashi
43497,nyalwashi
43709,nyalwashi
43721,ibabachegu
43794,ibabachegu
43831,nyalwashi
43983,nyalwashi
44089,ibabachegu
44093,nyalwashi
44128,nyalwashi
44239,nyalwashi
44241,nyalwashi
44321,nyalwashi
44323,nyalwashi
44442,ibabachegu
44486,ibabachegu
44724,nyalwashi
44813,ibabachegu
44890,nyalwashi
44893,ibabachegu
45292,ibabachegu
45304,nyalwashi
45436,nyalwashi
45568,ibabachegu
45759,nyalwashi
45785,nyalwashi
45820,nyalwashi
45945,ibabachegu
46077,ibabachegu
46209,nyalwashi
46229,nyalwashi
46313,nyalwashi
46336,ibabachegu
46353,ibabachegu
46391,ibabachegu
46403,nyalwashi
46628,nyalwashi
46629,ibabachegu
46920,nyalwashi
46921,ibabachegu
46923,nyalwashi
46937,ibabachegu
46994,ibabachegu
47110,nyalwashi
47132,ibabachegu
47287,ibabachegu
47462,ibabachegu
47582,nyalwashi
47619,ibabachegu
47622,nyalwashi
47716,ibabachegu
47724,nyalwashi
47746,ibabachegu
47970,ibabachegu
48021,ibabachegu
48023,nyalwashi
48062,nyalwashi
48115,ibabachegu
48211,ibabachegu
48250,nyalwashi
48329,nyalwashi
48410,nyalwashi
48465,ibabachegu
48472,ibabachegu
48476,nyalwashi
48563,nyalwashi
48567,ibabachegu
48676,nyalwashi
48701,ibabachegu
48755,ibabachegu
48805,ibabachegu
48813,ibabachegu
48835,nyalwashi
48914,ibabachegu
48918,nyalwashi
49027,nyalwashi
49125,ibabachegu
49228,ibabachegu
49299,ibabachegu
49584,ibabachegu
49598,ibabachegu
49607,nyalwashi
49675,nyalwashi
49797,ibabachegu
49865,nyalwashi
49906,nyalwashi
49935,ibabachegu
49973,nyalwashi
50049,ibabachegu
50107,nyalwashi
50134,ibabachegu
50176,nyalwashi
50205,nyalwashi
50212,nyalwashi
50292,nyalwashi
50379,ibabachegu
50400,ibabachegu
50417,nyalwashi
50447,ibabachegu
50480,nyalwashi
50806,nyalwashi
50916,ibabachegu
51017,ibabachegu
51106,nyalwashi
51278,ibabachegu
51329,ibabachegu
51332,ibabachegu
51371,nyalwashi
51451,ibabachegu
51477,nyalwashi
51523,ibabachegu
51566,ibabachegu
51911,nyalwashi
51968,nyalwashi
52076,nyalwashi
52384,ibabachegu
52407,ibabachegu
52429,ibabachegu
52531,ibabachegu
52557,ibabachegu
52591,nyalwashi
52640,nyalwashi
52874,ibabachegu
52914,nyalwashi
52918,nyalwashi
52967,nyalwashi
53024,ibabachegu
53052,nyalwashi
53060,nyalwashi
53102,ibabachegu
53145,nyalwashi
53247,ibabachegu
53408,nyalwashi
53435,ibabachegu
53441,nyalwashi
53480,nyalwashi
53639,ibabachegu
53721,ibabachegu
53832,nyalwashi
53965,nyalwashi
53997,nyalwashi
54055,nyalwashi
54193,ibabachegu
54350,ibabachegu
54384,ibabachegu
54433,nyalwashi
54702,ibabachegu
54801,nyalwashi
54865,nyalwashi
54879,nyalwashi
54928,ibabachegu
54934,nyalwashi
54960,ibabachegu
55053,ibabachegu
55097,ibabachegu
55193,ibabachegu
55202,ibabachegu
55282,nyalwashi
55397,ibabachegu
55615,nyalwashi
55685,ibabachegu
55792,ibabachegu
55888,nyalwashi
56004,nyalwashi
56110,ibabachegu
56131,nyalwashi
56208,nyalwashi
56268,nyalwashi
56433,nyalwashi
56469,ibabachegu
56607,ibabachegu
56683,ibabachegu
56798,nyalwashi
56812,ibabachegu
56820,nyalwashi
57114,ibabachegu
57135,ibabachegu
57137,nyalwashi
57156,nyalwashi
57281,nyalwashi
57328,ibabachegu
57330,nyalwashi
57443,ibabachegu
57493,nyalwashi
57583,nyalwashi
57631,ibabachegu
57649,ibabachegu
57662,ibabachegu
57663,ibabachegu
57789,nyalwashi
58039,nyalwashi
58046,nyalwashi
58077,ibabachegu
58257,nyalwashi
58397,ibabachegu
58435,ibabachegu
58446,nyalwashi
58969,ibabachegu
58997,nyalwashi
59017,ibabachegu
59120,nyalwashi
59324,ibabachegu
59532,nyalwashi
59542,ibabachegu
59640,ibabachegu
59744,nyalwashi
59796,ibabachegu
59806,ibabachegu
59827,ibabachegu
59921,nyalwashi
60041,nyalwashi
60122,ibabachegu
60159,ibabachegu
60238,ibabachegu
60260,ibabachegu
60402,ibabachegu
60415,nyalwashi
60467,ibabachegu
60669,nyalwashi
60686,nyalwashi
60759,ibabachegu
60815,nyalwashi
60831,nyalwashi
60846,nyalwashi
60850,nyalwashi
60852,nyalwashi
60954,nyalwashi
60975,nyalwashi
61014,nyalwashi
61151,nyalwashi
61325,nyalwashi
61406,ibabachegu
61646,ibabachegu
61813,ibabachegu
61852,nyalwashi
62131,ibabachegu
62201,nyalwashi
62294,ibabachegu
62532,ibabachegu
62537,ibabachegu
62635,nyalwashi
62643,ibabachegu
62644,ibabachegu
62707,nyalwashi
62805,ibabachegu
62970,nyalwashi
62992,ibabachegu
63123,nyalwashi
63437,ibabachegu
63453,ibabachegu
63673,nyalwashi
63736,ibabachegu
63781,nyalwashi
63875,nyalwashi
63877,nyalwashi
63880,ibabachegu
64036,nyalwashi
64098,nyalwashi
64099,nyalwashi
64152,ibabachegu
64272,nyalwashi
64355,nyalwashi
64492,nyalwashi
64600,nyalwashi
64672,ibabachegu
64685,nyalwashi
64771,ibabachegu
64843,nyalwashi
64844,ibabachegu
65010,nyalwashi
65167,nyalwashi
65181,ibabachegu
65401,ibabachegu
65418,nyalwashi
65545,nyalwashi
65609,nyalwashi
65674,nyalwashi
65681,ibabachegu
65755,nyalwashi
66286,nyalwashi
66352,nyalwashi
66674,nyalwashi
66856,nyalwashi
66938,ibabachegu
67098,ibabachegu
67099,ibabachegu
67124,ibabachegu
67216,ibabachegu
67251,ibabachegu
67277,nyalwashi
67889,nyalwashi
67963,ibabachegu
68103,ibabachegu
68131,ibabachegu
68148,nyalwashi
68211,ibabachegu
68254,nyalwashi
68295,nyalwashi
68348,nyalwashi
68400,nyalwashi
68551,ibabachegu
68633,ibabachegu
68707,ibabachegu
68899,ibabachegu
68955,nyalwashi
69013,nyalwashi
69027,nyalwashi
69032,ibabachegu
69143,ibabachegu
69290,nyalwashi
69297,nyalwashi
69395,ibabachegu
69500,ibabachegu
69604,ibabachegu
69680,nyalwashi
69691,nyalwashi
69695,ibabachegu
69704,ibabachegu
69856,nyalwashi
69864,nyalwashi
69887,nyalwashi
69911,ibabachegu
70024,ibabachegu
70263,ibabachegu
70278,nyalwashi
70347,nyalwashi
70536,nyalwashi
70552,ibabachegu
70773,nyalwashi
70844,nyalwashi
70918,nyalwashi
70927,ibabachegu
70980,ibabachegu
71014,ibabachegu
71022,ibabachegu
71084,nyalwashi
71322,nyalwashi
71599,nyalwashi
71645,nyalwashi
71771,ibabachegu
71816,ibabachegu
71942,nyalwashi
72078,nyalwashi
72205,nyalwashi
72209,ibabachegu
72222,nyalwashi
72238,ibabachegu
72293,nyalwashi
72348,ibabachegu
72483,nyalwashi
72643,nyalwashi
72677,nyalwashi
72780,ibabachegu
72845,nyalwashi
72901,nyalwashi
72915,ibabachegu
73212,ibabachegu
73219,nyalwashi
73255,ibabachegu
73318,ibabachegu
73385,ibabachegu
73416,nyalwashi
73518,nyalwashi
73524,ibabachegu
73550,nyalwashi
73679,nyalwashi
73749,ibabachegu
