shulen,shuleni
mskitini,msikitini
mapindunzi,mapinduzi
kichangani b,kichangani
kiichangani,kichangani
kichanginyi,kichangani
changombe,chang'ombe
chan`gombe,chang'ombe
chang'ombe b,chang'ombe
chang'ombe a,chang'ombe
bwawani b,bwawani
bwawani a,bwawani
barabsrani,barabarani
barabani,barabarani
minazini b,minazini
mnadan,mnadani
katumbati,katumba
uswahili,uswahilini
mtaa wa vikongolo,mtaa wa vikongoro
mchangani a,mchangani
jiweni,kijiweni
mkombozi,ukombozi
ipuguso,mpuguso
mandel,mandela
mlangari,mlangali
majengo a,majengo b
lusungu,lusungo
lupombo,lugombo
mazeng,mazengo
mazengi,mazengo
mwandutu,mwandu
mwamagula,mwamala
mwasala,mwamala
mwamata,mwamala
mwahamala,mwamala
chakwale mmjini,chakwale mjini
chakwale mjinni,chakwale mjini
muguti,mpunguti
cetre,centre
vuleni,mvuleni
kizuiani,kizani
magaini,magatini
chamwino a,chamwino
central b,central
central a,central
kilamo,kilambo
barabara 5,barabara 6
barabara 3,barabara 6
barabara 9,barabara 6
barabara 2,barabara 6
barabara 4,barabara 6
barabara 8,barabara 6
barabara 1,barabara 6
barabara 7,barabara 6
barabara 10,barabara 6
barabara 11,barabara 6
barabara 12,barabara 6
barabara,barabara 6
lusind,lusinde
nyabirore,nyabihore
mlabani b,mlabani a
mlababi a,mlabani a
bukangoma,bunukangoma
masanwa,masanga
msitu wa tembo c,msitu wa tembo b
msitu wa tembo,msitu wa tembo b
kibinda,kibanda
kibandani,kibanda
msasan,msasa
njianne,njia nne
mtaa yangeyange,mtaa wa yangeyange
makulu a,makulu
makiweru,makiwaru
makiwaru b,makiwaru
makivaru,makiwaru
mwankale,mwankali
lolangulu,ilolangulu
kidatu a,kidatu b
magomeni a,magomeni b
magomeni c,magomeni b
magome b,magomeni b
kitunda,kitundu
kkabula,kabula
kapollo,kapolo
mtopeni,matopeni
matopenii,matopeni
nkinga kati,nanga kati
mkombo,mkombozi
mkombi,mkombozi
mapinduzi a,mapinduzi b
maini,matini
matikoni,matini
matiani,matini
komunyu,kimunyu
mapogoro a,mapogoro
mapogoro b,mapogoro
utengule,itengule
magoda c,magoda a
kaselya,kasela
kasomela,kasela
mkoroshoni,mikoroshoni
kigombe mashariki,kigombe magharibi
ligumbilo,igumbilo
ingumbilo,igumbilo
gumbilo,igumbilo
kasiama,kasama
kabirizi,kibirizi
jamuhuri,jamhuri
nyandagwa,nyangwa
kihesa c,kihesa
kihesa a,kihesa
kihesa b,kihesa
kabakarz,kabakara
kabakala,kabakara
nationanal park,national park
umasaini,masaini
mburani a,mburani
mburani b,mburani
ulkononoi,olkononoi
okononoi,olkononoi
nyakibanga,nyakabanga
nyakayanga,nyakabanga
nyakaanga b,nyakabanga
mitete,itete
kiruani c,kiruani a
kiruani b,kiruani a
ibumila1,ibumila
iponjolo,iponjola
iponola,iponjola
mponjola,iponjola
changarawe a,changarawe
kabilla,kabila
mtaa wa kinyamwezi,mtaa wa kinyerezi
kidimba,kibimba
ganga a,ganga b
mwira a,mwira b
nyabichegeche,nyabuchegeche
nyabochegeche,nyabuchegeche
nia njema a,nia njema c
nia njema b,nia njema c
nyamahanga,nyakahanga
mkamba b,mkamba a
mfumbu a,mfumbu
mfumbu b,mfumbu
mifumbu,mfumbu
iloba,kiloba
rubanga,murubanga
nyakihanga,nyakibanga
lupanga b,lupanga a
lunanga a,lupanga a
mabande,mbande
mkuu,mkuru
mpululu,ipululu
mahongo,mahango
mahango a,mahango
mapombo,mpombo
kibonde,ibonde
libonde,ibonde
chibungu,ibungu
msowero a,msowero b
msowero c,msowero b
msowero,msowero b
isia,sia
chalinze mzee b,chalinze mzee a
karimaji,kalimaji
kinondo,kisondo
kimbigili,mbigili
igunga b,igunga
kitongoji b,kitongoji a
emanyata,manyata
mjimwema b,mjimwema a
mashine a,mashine
mashine b,mashine
nure,nkure
tindigani a,tindigani
kiole,kilole
chikago,chicago
karama,kibarama
raha loe,raha leo
kimelembe kat,kimelembe kati
tolonto,toronto
torondo,toronto
nyamikoma b,nyamikoma
nyamikoma a,nyamikoma
nyamilama b,nyamilama
sokomsuyo,sokomsuya
solkomsuya,sokomsuya
muhanga,mhanga
mwabambasi,mabambasi
mabambasini,mabambasi
igalango,igelango
ligelango,igelango
igelanga,igelango
ilango,igelango
samana,samanga
matatana,matanana
myamba,mamba
ruhororo,luhororo
patendi,patandi
kiloleni a,kiloleni
kiloleni b,kiloleni
kiloeni,kiloleni
sebo,swebo
ewerendeke,eworendeke
senta 'a',senta 'b'
senta 'd',senta 'b'
maembe,maembeni
mwatondo,mwantondo
buyuni,kibuyuni
kibupuni,kibuyuni
kirumuni,ilkirumuni
kwitangi,kwitanki
kurui b,kurui a
kirungu,kizungu
mwakabeya,mwabeya
batini a,batini b
kisale,kishale
kishali,kishale
kishare,kishale
kamanyu,kamanyo
mzenga b,mzenga a
mengwa a,mzenga a
korandoto,kolandoto
muhaka,mhaka
migambo,mgambo
mugambo,mgambo
olng'wado,olkung'wado
kinjumbi b,kinjumbi a
kilanga,kilangali
michenga b,michenga c
michenga a,michenga c
michenga d,michenga c
mwabagalo,mwabagalu
mwabagala,mwabagalu
kigabiro,igabiro
nyere,nyerer
kikongo,kikonga
namayanda,namatanda
mkonga,mkongea
mkongeya,mkongea
hedaru a,hedaru b
kilemba,kilembela
kiegeni,kiegeani
muungano b,muungano a
uhemeli kat,uhemeli kati
chang'mbe,changombe
mulucha,mlucha
mgengeni,gengeni
mkocheni,mikocheni
mikochini,mikocheni
wno kati,wino kati
nganga,ngana
sereni b,sereni
malampaka,imalampaka
kanisani street,katanini street
surumali,surumala
mgungani,migungani
lugongoni,rugongoni
mishenyi,mishenye
kishenye,mishenye
mlimani b,mlimani a
kaburuka,kaguruka
lutowo,lutowelo
kilala nic,kilalanic
kalalanic,kilalanic
c/center,b/center
nghendegese,nhendegese
mahongole b,mahongole
lukindo,luhindo
chumo a,chumo b
milyungu,ilungu
kirereni,kireeni
kirembeni,kireeni
kirenyi,kireeni
vyombo,yombo
mkuyuni b,mkuyuni a
no 13,no 1
mwamagaga,mwamagaka
mchanga wa kichwa a,mchanga wa kichwa b
misheni a,misheni c
kiduguda b,kiduguda a
ruvuma a,ruvuma b
kashuro,kishuro
kihumro,kishuro
chivu b,chivu a
mwara,muwara
uwara,muwara
magungui,magungu
mahungu,magungu
umarini,omarini
marinyi,omarini
ullinzi,ulinzi
new ciity,new city
mwiruti,mwiluti
mhalule a,mhalule b
chanyangabwa b,chanyangabwa a
mumunazi,kumunazi
munazi,kumunazi
mighisui,mighisiu
ngegema,ngegemo
muhola,mhola
mirambo,milambo
milambo a,milambo
milambo c,milambo
mayale,manyamle
makanya e,makanya a
makanya d,makanya a
makanya c,makanya a
kemuresi,kemugesi
igongwa b,igongwa
igongwa a,igongwa
mukomakoma,kumkomakoma
kishoju,kishoju 1
kishoju 4,kishoju 1
kishoju b,kishoju 1
kishoju 3,kishoju 1
kanoge b,kanoge
mamba b,mamba a
simhha,simha
endamasak,endasak
mitengwe magharibi,mitengwe mashariki
unyang'ngo,unyang'ongo
nguuni,unguuni
alosinoni,losinoni
lupemba,lupembe
mukalinzi,kalinzi
matanya,matanka
mtanka,matanka
ng'hesha,ng'esha
lumemo b,lumemo a
lumemo,lumemo a
kisanjuni,kisanzuni
kibondeni,kiondeni
igembe,ighembe
mwabalamba,mwabalambu
milombwa,ilomba
mpunga,mpuga
mgwasi,mgwashi
mgwashi b,mgwashi
muhinda kati,mhinda kati
ndingika,ndinyika
msamanene,msamaneni
mwamabuli,mwababuli
kasana,kasanda
kiimawe,kimawe
kagenyi a,kagenyi b
ikoo,ikovo
mvumi b,mvumi a
havanga,mavanga
nyabusozi b,nyabusozi
bulongi,bulongo
olorien,olorieni
orieni,olorieni
idulele,ndulele
usei,usesi
kiwela b,kiwela a
sikutali,sukutali
kilama b,kilama a
nsenga,senga
kiingupira,kingupira
bugembe,bugeme
bunazi b,bunazi a
bunazi,bunazi a
maseni,miaseni
mrereni,urereni
nkeku,nkenku
kisakeni,kiseni
kiseeni,kiseni
kisaseni,kiseni
mwatandai,matanda
tongolo,matongolo
mangolo,matongolo
singiwe b,singiwe a
udumka,udumuka
idumuka,udumuka
kivelenge,kiverenge
mungongo,mugongo
mugogo,mugongo
katahoka centre,katoke centre
bugimu,ugimu
kaburonge,kabulonge
mukatanga,mkatanga
nyashoshi,nyashishi
ikugutu,itugutu
logelo,ilongelo
komuanga,komsanga
mayanga,maganga
mapanga,maganga
ngerengere kusini,ngerengere kaskazini
isagehe,isagenhe
malecela b,malecela
kereneno,kerenero
engerin,ingerin
masimba,masimbani
katindiuka c,katindiuka a
katindiuka b,katindiuka a
matyazo a,matyazo b
matiazo b,matyazo b
loseiya,noseiya
rau,mrau
mwambasimbe,mwabasimbe
moningori,muningori
mungori,muningori
saborien,sabore
namwawala b,namwawala a
mraueau,mraurau
mahuru,mahuu
dimani b,dimani
ikuyu,kikuyu
mabangalaa,mabangala
unyanyembe a,bunyanyembe
unyanyembe b,bunyanyembe
nkiniziwa a,nkiniziwa c
nkiniziwa d,nkiniziwa c
nkiniziwa b,nkiniziwa c
mae kati,mareu kati
mbyasyo,byasyo
olumeri,olumeli
olubombani,olubomba
ikingula,ikungula
nyakitonyo,nyakitono
kamcheni,kamficheni
mzambalaweni,mzambaraweni
mkona,mkonga
kumwayi,kumwai
chasimba a,chasimba
simbo b,simbo a
lugwana,lungwana
mriai,mria
olmatejoo,olomatejo
olmatejo,olomatejo
kagoye a,kagoye b
tandali,tandai
mungwamae,mungwaamae
katongoli,katyongoli
bulende,bulunde
nangombo kati,ng'ombo kati
lipangalala a,lipangalala
orkolili,olkolili
mkesha a,mkesha b
tengelemembe,tengelimembe
murumba,marumba
mrumba,marumba
mbae magharibi,mbae mashariki
mugoda,mgoda
mlegea b,mlegea
chibula,chabula
chalangwa c,chalangwa a
mulubanga,mlubanga
godauni b,godauni a
chilanga,chiyanga
chianga,chiyanga
iyanga,chiyanga
nkeso c,nkeso a
kagembe a,kagembe
kagembe b,kagembe
kamembe,kagembe
mgongoti,gongoti
ruganzo b,ruganzo a
mgombela,mombea
katungu,katunguru
kitomodo,kitomondo
kotomondo,kitomondo
mpingi a,mpingi b
bukwala,bukwaya
rutenge b,rutenge a
rabwiro,rabiro
imalange,imalangi
mapogolo b,mapogolo a
mapogolo,mapogolo a
mkondoo,mkondoa
moikane,moikani
nyamayebe,nyamalebe
kakunyu,kikunyu
mikunyu,kikunyu
kigo,igo
itanans,itanana
utanana,itanana
ilulu a,ilulu b
katela,kateela
mraembe,mrahembe
mrembe,mrahembe
busangi,bustani
makugulu 'a',makugulu 'b'
tella chini,tela chini
bukingwamizi,bukingwaminzi
mhokoi,mahokoi
mabokoi,mahokoi
nyang'hukulu,nyang'hulukulu
matani,matiani
kwaga a,kwaga b
bituntu,kituntu
jitengeni b,jitengeni
jitenge,jitengeni
jitengeni a,jitengeni
matadi b,matadi a
nyanzungu,nyanungu
nyanzugu,nyanungu
namahimba,namahimba a
namahimba b,namahimba a
magharibi a,magharibi b
makao makuu a,makao makuu b
sekela kati,mhekela kati
mkela kati,mhekela kati
stand b,stand a
matanga,mitanga
nyabuyange a,nyabuyange b
kiria a,kiria b
mukasenga,mkasenga
mkabenga,mkasenga
bugalama,galama
ntungulu,itungulu
utungulu,itungulu
gwanumpu,gwanumpu a
gwanumpu b,gwanumpu a
mgunga,migunga
ugominyi,uhominyi
mwasuta,mwasita
malugala,malula
iruwa,irua
nyarukongogo b,nyarukongogo a
nyarukongogo,nyarukongogo a
mgama b,mgama a
ubamba a,ubamba b
igomamuli,igomamhuli a
kikukuru,kakukuru
mtakanini a,mtakanini
umarin9,umarini
karamsing,karamsingi
ibangala,ipangala
kwatulele,kwa tulele
nyangh'ulukulu,nyanghuluku
mtambwe,matambwe
mchombe,mchombe a
matiazo a,matiazo c
majengo d,majengo c
namakinga a,namakinga b
bunoga,bunonga
kashozi a,kashozi b
kashozi c,kashozi b
marangu,marango
mwosi,mosi
mininga b,mininga a
mpeto a,mpeto b
mbangamoyo,bangamoyo
zongongomela,zongomela
nyamisati b,nyamisati a
masango,masimango
changalaw,changaraw
iusunga,isunga
itete b,itete a
kiwida a,kiwida
kombero,kombere
iwala kati,iwanga kati
nyashima,nyashimo
mwabasabi a,mwabasabi b
nyamirama,nyamerama
uhepere,uhepera
kisongo chini,ilkisongo chini
nyakuba,nyankuba
mbondeni road,bondeni road
bondeni roads,bondeni road
harezale,haruzale
mkomangambe,mkomang'ombe
nyasato,nyasato b
nyasato a,nyasato b
mndelo,mondelo
mnyusi a,mnyusi b
mnyusi,mnyusi b
mkula b,mkula a
mzizini b,mzizini a
mzizini,mzizini a
lipombwe,ipombwe
kavurugwa,kavuruga
ruyange,rusange
mashariki b,mashariki a
olidendereiti,olodendereit
budushi a,budushi b
kipogolo,kipogoro
mafungo,mabungo
nguruma kati,nduruma kati
itunda b,itunda a
mkokotela,ikokotela
nyandamba,nyangamba
loloboini,loloiboni
loloboni,loloiboni
mhandeni,handei
nyariyoba,nyaruyoba
nkonga chini,mkonga chini
wigelekelo magharibi,wigelekelo mashariki
bweru,mbweru
misufini a,misufini b
kanyinya,kinyinya
kinyinya c,kinyinya
makugira b,makugira a
makugira,makugira a
malesela,masela
nsyamba,nsambya
nyabibuye a,nyabibuye
nyabibuye b,nyabibuye
rubimba,rubumba
kduduma,kaduduma
nyampa b,nyampa a
nyamkongoti,nyamkong'oti
nzihi a,nzihi b
ihagala,igagala
mubamba b,mubamba
mubamba a,mubamba
sange,usange
mkolani c,mkolani
mikolani,mkolani
mkolani b,mkolani
mkolani a,mkolani
suba,isuba
isubha,isuba
mmbala,mbambala
naibile,naibili
buhulila,bulila
kirundo,kilundo
moparamawe,mparamawe
weru kati,welu kati
upigoro,upogoro
nanga a,nanga b
nyarushanga,nyarumanga
lituhi 'b',lituhi 'a'
mang'onyi st,mang'onyi
nyakigando,nyakagando
chakaralama,chakalamba
matangini a,matangini b
mbulige,bulige
murukurazo,mrukurazo
bastina,bastena
matundasi b,matundasi a
kemugongo b,kemugongo a
kemugongob,kemugongo a
senta b,senta a
kwemkangala,kwekangaga
mbeshi,mbesi
itubula,idubula
uchama,buchama
buhamba,buchama
leshabale,leshabala
mikwala,mkwalia
ugwandege,bugwandege
itipingi a,itipingi
mayavile,mayale
mayawile,mayale
ndorobo a,ndorobo b
mwarufyo,mwarufyu
mwamanga,mwamanonga
mwamanongu,mwamanonga
malamba a,malamba b
msimba b,msimba a
chibwini,chiwindi
mugoma,mungoma
masandare,masabdare
mkigando,omukigando
omkigando,omukigando
gitianga 'b',gitianga 'a'
mipeko a,mipeko b
larkaria,arkaria
larikaria,arkaria
orkaria,arkaria
momboni,miyomboni
kwigina,kwigena
kwigera,kwigena
oltukai,oltukay
busango b,busango
sagamaganga a,sagamaganga b
bunju,mbunju
kiwabdani,kiwandani
mori,moori
paakuyo,parakuyo
mwasima,mwasija
taniling'ani,itaniling'ani
miyembeni,myembeni
mkochini,mkocheni
mnyinga,minyinga
mninga,minyinga
kazalwe,kazarwe
chanyamilima,nyamilima
namba 8,namba 3
kileo kati,kileuwo kati
kileshi,kilesha
kikomero,kikoro
rukunyu,mukunyu
lukunyu,mukunyu
inyanga,minanga
mibanga,minanga
mnanga,minanga
mwamhuli,mwanhuli
midilika,mdilika
center b,center a
mwamhuba,mwamuhuba
inang'ana,mnang'ana
isageng'e,isegeng'e
ruhanga,buhanga
butanga,buhanga
mseke b,mseke a
nahimba,namahimba
nakahimba,namahimba
namamba,namahimba
lusalasi,lusarasi
manyolo b,manyolo a
segese center magharibi,segese center mashariki
mkangawale,mangwale
mavula,maula
gunga,ngunga
milanzi,mbilani
mbangala b,mbangala a
karangale,kalangale
mnyakay,mnyakaya
kihela a,kihela b
kavumu,kavumvu
osunyai,osinyai
mbola c,mbola a
mbola b,mbola a
nkamba,nkambara
nkambala,nkambara
mengele,sengele
mokumbero,mokombero
kasange,kasangezi
mtewele,matewele
sangananu,sanganani
itunidza,utunidza
kashasha,kamshansha
kamshasha,kamshansha
center mashariki,center magharibi
misalai,msalai
misalahi,msalai
shinga juu,singa juu
marangi,qarangi
rutunga,ruhunga
mkoani b,mkoani a
kyatabara,kyatabaro
kinyala,inyala
maswele,maswere
maswerw,maswere
kwaboi,kwaboli
atlaa,tlaa
kamana,kampanga
nyamilembi a,nyamilembi b
kahyoro,kayoro
mnari,nari
sangalalee,msangalalee
upuge a,upuge b
iyua,iyula
ibohola,ibohora
bohora,ibohora
mchangani b,mchangani a
bizivilinzamba c,bizivilinzamba a
mahanji,mahanje
nasuro a,nasuro b
mwanubi,mwasubi
mwadubi,mwasubi
kwemkame,kwemakame
kipalapala mashariki,kipalapala magharibi
pacha nne2,pacha nne
kisangada,kiangaa
rujebe,rujebe b
kamuli a,kamuli b
njiapanda a,njiapanda b
njipanda b,njiapanda b
ikola,kola
nyamemange,nyamimange
ngasinyi,ngasini
janda nbele,janda mbele
katahokwa a,katahokwa c
katahokwa d,katahokwa c
katahokwa b,katahokwa c
mrimashe,mrimasha
tuyombo,muyombo
kiwanjacha ndege,kiwanja ndege
walanga 'b',balanga
matela b,matela a
wisale,isale
kibembe,kitembe
mungai,munga
kilumbiu,kirumbiu
mwagimwagi,mwagimagi
isange,sange
chalo b,chalo a
mbomai chin9,mbomai chini
pahi magharibi,pahi mashariki
ilamata a,ilamata
kashawe,kasagwe
kamsunde,kamsunte
mwadele,mwakadele
maangani,maanga
bukinga,bujinga
itula a,iyula a
iyula b,iyula a
lyalamu,lyalamo
lyalam,lyalamo
mlange,imalange
maweni b,maweni a
ilea,ileya
kayanga 'a',kayanga
kilima hewa,kilimani hewa
kebunyi,kebunye
nyakavangala b,nyakavangala a
kibedagogolo s,kibedagogolo
nakawale,nakawale a
nakawale b,nakawale a
nakawele a,nakawale a
bacho a,bacho b
wangamiku,wangamiko
nkilifu,nkilifa
mnazimmoja a,mnazimoja
mawande,mabande
kasaka b,kasaka a
chikongola,chikongo
chikongora,chikongo
mabambila,mbamila
ngwramu,ngweamu
korintho,ikorinto
bisya,bisyan
mumuhamba kati,mumuhamba ya kati
tambukaleli,tambukaleri
liganga,ligange
oro,soro
mwalushu b,mwalushu a
kishiri,kishili
kishili b,kishili
14kambarage,14kambalage
kitarahota a,kitarahota b
itelama,kitelama
ruota,rupota
mkanawalo,mkangawalo
kivulini a,kivulini b
mwamiso,mwamilo
mwahilo,mwamilo
kandawale b,kandawale a
ruanga,ruhanga
simiyu b,simiyu a
ikingulla,ikingula
nyarwenda,narwenda
makonde a,makonde
ikega,ikwega
mseki b,mseki a
kilagana,kilagano
isangilwa,sangilwa
kipala,kizapala
materevati,materevasi
mtaa wa tati,mtaa wa tatu
luhangija,buhangija
mwabalizi,mwamalizi
mughumo,mughamo
nyakatera,nyakagera
mkuranga a,mkuranga b
mkuranga,mkuranga b
mbalamo,mkalamo
madamba,matamba
namkaba,namkamba
bukunda,bukundi
igunguhi,gungui
mwakiduta a,mwakiduta b
mwakiduta,mwakiduta b
mnyongo,mnyonge
myonge,mnyonge
ngabena,lingabena
dulea,dule
sayaka mashariki,sayaka magharibi
kazegunga a,kazegunga b
kazegunga,kazegunga b
kazigunga b,kazegunga b
antakae,antakaye
kamanengo,kamango
luponde,lubonde
marua a,marua b
nyasambi,nyasamba
tambalale,tambarale
usende,lusende
mwansonsela,mwansosela
imalavupna,imalabupina
mwntemi,mwantemi
kishiri b,kishiri a
butengo,butungo
mtunduruni,mitunduruni
getaghul,getagu
izengwe,izengwa
monele a,monele
monele b,monele
ngorotwa a,ngorotwa b
kavumu a,kavumu b
kibamonche,kibomonche
ikugha mash,ikugha magh
ushetu no 2,ushetu no 1
chaga b,chaga a
ulisa,lisa
m/magharbi,m/magharibi
bigabilo b,bigabilo a
lengitima,lengipima
miwangani a,miwangani b
miwangani,miwangani b
kiingili,kidingili
kidingiri,kidingili
nyarugusa,nyarugusu
nyaragusu,nyarugusu
lungongole a,lungongole b
chumvu kati,chomvu kati
nyanyanjo,nyanyango
nyanyange,nyanyango
mtosheni,mosheni
tosheni,mosheni
mishegiwela,mishagiwela
mumikoni,mikoni
nkwamba,kwamba
bombo,bomo
nyamalebe c,nyamalebe a
komtongo,komtonga
kilimo a,kilimo b
lovilikuny,lovilukuny
kyaitoko,kyaitoke
katonga b,katonga a
katunga a,katonga a
malingo,maringo
chipaka b,chipaka a
oysterbey b,oysterbey a
lugese a,lugese
mbika b,mbika a
shilanga,silanga
shianga,silanga
tungulu,ntungulu
nhungulu,ntungulu
nkunga b,nkunga a
bunamhala a,bunamhala b
bunamara b,bunamhala b
mwang`halanga,mwang'alanga
masakeni,masaweni
mwereni,mrereni
mberereni,mrereni
kumtukula a,kumtukula
kumtukula d,kumtukula
kumutukula,kumtukula
chalinze b,chalinze a
masakwi,masaki
lukungu,lukunga
lukuga,lukunga
lulunga,lukunga
lembeli a,lembeli b
kitkata,kitakata
mpungula,mpangula
maganjwa b,maganjwa a
nyamguluma b,nyamguluma a
leshobale,leshabale
mlingi,mlingine
lugeye a,lugeye b
lugeye,lugeye b
mnjengoni,mjengoni
kahunga b,kahunga a
utende b,utende a
kitereni,kirereni
kibungoni,kibungo
hamia a,hamia b
mwalufinya,mwalufunya
miogoni,mihogoni
kayogoro,kayogolo
unguu rd,unguu road
m/kusini,p/kusini
iporoto,uporoto
nyesato,nyesato b
mwamshima,mwamashimba
sharaman,sharama
kivulunge,kihulunge
kiseki baha,kiseki bar
maghushi,mahushi
mabushi,mahushi
galangala,galanga
sokomoko,somoko
karafiya,karafia
mantare a,mantare b
nyamisagusa b,nyamisagusa a
kosaa,kosata
bugema,bugematu
kalemela b,kalemela a
kinihhe,kinihe
nangero b,nangero
itula b,itula a
itala a,itula a
mahutanga b,mahutanga a
mhongola,msongola
mawemairo b,mawemairo a
nechiungo,nachiungo
madale kati,madala kati
lyasa b,lyasa a
mwamarula,mwamalula
mlugando,mrugando
lawo kati,laso kati
itunduwete,kitunduwete
udongo magharibi,udongo mashariki
minyanga,inyanga
kalanzi,kilanzi
kifulufuli,kifulifuli
nyaguso,nyamaguso
minsukumilo a,minsukumilo
hungwe a,hungwe b
kipinga b,kipinga
d/magaribi,d/magharibi
msamala,sambala
isingu b,isingu a
namakala,kinamakala
mwembechai a,mwembechai b
mkangwa,mkwanga
mgwanga,mkwanga
murugando,rugando
kituri b,kituri c
kituri a,kituri c
mrembule,mlembule
ulalo,rulalo
mbuyuni d,mbuyuni c
kasenya,kasenda
lulanga,lulanda
nyamitembe,nyametembe
mwamagile,mwamagili
mamagili,mwamagili
nyasura b,nyasura a
nyasura d,nyasura a
nyasura c,nyasura a
chabwojo a,chabwojo b
n/center,l/center
s/center,l/center
k.center,l/center
lugunano a,lugunano b
michengani a,michenga a
buhilima b,buhilima a
kwebua a,kwebua
mngwangwaje,mgwangwaje
mkwakwa,mkwakwani
mkwakwani b,mkwakwani
engorika,ngorika
ngwanghalanga a,mwanghalanga a
mwanhalanga,mwanghalanga a
mwanghalanga b,mwanghalanga a
nyamande b,nyamande a
nyamande,nyamande a
mawala b,mawala a
mkomola,komola
bwelu a,bwelu b
isimikine,isimike
mabaluni,mabaloni
mihekela b,mihekela a
mihekela c,mihekela a
usarangei,msarangei
karango b,karango a
mchotike b,mchotike a
mtunda b,mtunda a
mbinglwa,mbingilwa
kiwe,kikwe
mubilamvu,mbilamvu
mwanubila,mwanubi
mwang'honi,mwang'honoli
kifumbu,kifumbo
malinga,malunga
vikuruti,kuruti
izimbya 'b',izimbya 'a'
izimbya,izimbya 'a'
mtakolola,mtokolola
nzije b,nzije a
samuda,busamuda
isigitiro,isigitira
ngembambili c,ngembambili b
ngembambili a,ngembambili b
kiranjeranje b,kiranjeranje a
imi,simi
mpera c,mpera b
manda,msanda
manoshi,manushi
mwatambuga,mwatambuka
pumoni a,pumoni b
makwei,mawei
muri,uri
musunu,murusunu
lemanyata,emanyata
kabwela b,kabwela
kabwela a,kabwela
mkole b,mkole a
bituntu 'a',bituntu
ntebela,tembela
kirundo b,kirundo a
karundo a,kirundo a
kirundo c,kirundo a
kirundo d,kirundo a
luwe,uluwe
kidugara,kiduga
lulembela b,lulembela
lulembela a,lulembela
ilandacho,ilandachi
kanioga a,kanioga b
bukulu b,bukulu a
mlandizi b,mlandizi a
mchimu,machimu
mandega,mandenga
mtewere,mtewele
miluzi,mwiluzi
kashishi mashariki,kashishi magharibi
chihalala,chilala
bea,beda
nyamalango b,nyamalango a
uwanja wa ndege b,uwanja wa ndege a
ariahati,arahati
mwaike,mbwaike
mbuga a,mbuga b
kikungo,kikongo
kanyalakata,kanyala kati
nyamigombelo a,nyamigombelo b
nyakaiga b,nyakaiga a
kasomba,kasoma
mkitwe,kitwe
kibg`ombe,king`ombe
nkoatilya,nkoatila
nkuatila,nkoatila
uwa,uwau
nyanhundi,nyanhundu
nyahnundu,nyanhundu
mfongoni,imongoni
kimongoni,imongoni
kenondo,kenonzo
kihagara kati,kihara kati
simbo 2,simbo 3
simbo 1,simbo 3
kazaroho magharibi,kazaroho mashariki
maseda,masabeda
isengo b,isengo a
mkusii,mkusi
kilanga wageni,kilangawageni
knyabwami,kinyabwami
pachatatu,pacha tatu
moombo,mombo
station b,station a
kidulya,kidula
rusohoko b,rusohoko a
mtapenda a kati,mtapenda b kati
kidudumu,kidudumo
kiwanga,kiwaga
ngepesi,ndepesi
kisanga a',kisanga 'a'
olovolosi,olovolusi
mwang'huni,mwang'honi
bondeni b,bondeni a
mugitu.a.,mogitu.a.
mogitu.b.,mogitu.a.
isakalilo b,isakalilo c
isakalelo c,isakalilo c
isakalilo a,isakalilo c
kisesa b,kisesa a
bukarangi,bukalangi
mianzini b,mianzini a
kigaga b,kigaga a
kiga a,kigaga a
tita,tiita
muhenda a,muhenda c
muhenda,muhenda c
muhenda b,muhenda c
ifantamie,ufantamie
lulenge,lukenge
ighumu,ighuu
kanyinya c,kanyinya
kanyinya d,kanyinya
kanyinya a,kanyinya
kanyinya b,kanyinya
itembwen9,itembweni
utaturu,utaturuni
kiziru,kiziru 'a'
solwa,sola
misasi b,misasi c
misasi a,misasi c
misasi,misasi c
imalamakoye b,imalamakoye c
imalamakoye d,imalamakoye c
shimo,shimbo
shimbo b,shimbo
nawav a,nawa a
ivangwa,kivanga
kiangab,kivanga
mkulu c,mkulu a
mkulu d,mkulu a
mkulu b,mkulu a
mayoka b,mayoka c
mayoka,mayoka c
mwasamba a,mwasamba
msuka b,msuka a
nkui,nkuhi
nkuatilya,nkoatilya
madirana b,madirana a
mapalamba a,mapalamba b
mapalamba,mapalamba b
kijumbula,kijumbura
magoeko a,magoeko
magoeko b,magoeko
magoeke,magoeko
magoeko d,magoeko
losrway,rosrway
mayukia,mayukila
nyitigasto,nyatigasto
momoragoro,momorogoro
mangaula,mikangaula
mikangaule,mikangaula
kisagarani b,kisagarani
bushoma,bushoma a
bushoma b,bushoma a
nyasho a,nyasho b
boga,bwoga
msangeni kati,mengeni kati
manguwa,mangwa
luegu b,luegu a
kzangaze,kizangaze
ihanda 2,ihanda 1
tomasi,thomasi
nyamsoma b,nyamsoma a
kibwigwa,kibwigwa a
kibwigwa b,kibwigwa a
kashelo,kashelo a
igerikilo,igerukilo
igombe a,igombe b
kilovoko,kilovo
kisale a,kisale
salimani,salimwani
kambia,kambiala
kalangakero b,kalangakero a
mambuyu,mamburu
kageye,kagee
murugarama,rugarama
rurama,rugarama
mgera b,mgera a
mgara a,mgera a
bugomba b,bugomba
sanawarii,sanawari
mikocheni b,mikocheni a
ushirika b,ushirika a
kaatoma,katoma
kitaa,kitala
kikomo,kikomero
kikomelo,kikomero
kagomelo,kagomelo a
saayo,tsaayo
tsahayo,tsaayo
tsaayo a,tsaayo
kanyaga b,kanyaga d
kanyaga f,kanyaga d
kanyaga,kanyaga d
kanyaga e,kanyaga d
mkumu,mkuu
makanyo,maganyo
mayavila,mayavile
mwanyumba,mwanyumba a
maida,mnaida
mayungu,mabungu
boma la ng'ombe,bomalang'ombe
no 2,no 12
kavyiru,kavyuru
mwakiliyoma,mwakilihoma
ugawe b,ugawe a
lotima b,lotima a
mpangala a,mpanga a
tawarini b,tawarini a
nyangoso,nyangoto
mwambahs,mwambaha
mtwara a,mtwara b
njomole,njomulole
mkurusi,mkurumusi
mwasenge,mwasonge
mchanatumwage,mchangatumwage
mwanyeye c,mwanyeye
mwanyeye b,mwanyeye
orpuwa,orpuruwa
tokora,toora
udhaya b,udhaya a
ihumbiliza a,ihumbiliza c
ihumbiliza b,ihumbiliza c
mwabuma,mwaguma
zomba a,zomba 'b'
zomba 'a',zomba 'b'
konyiko b,konyiko
mambambara,mabambara
nachindima,nachilindima
karasha,karashi
nyamusanze a,nyamusanza a
utulo a,utulo b
uwemba magharibi,uwemba mashariki
mwalenda,mwabenda
kumsema,kumusema
gomelesa,gombelesa
kwikwazu,kikwazu
mtunyo,mitunyo
lifuma,ifuma
fuma,ifuma
nyakina,nyakagina
kiasoni,kisooni
cheleweni b,cheleweni
cheleweni a,cheleweni
mahorosho,mahorosha
ngoho,ngonho
ikulu a,ikulu b
magegele,magegere
tambukareli magharibi,tambukareli mashariki
bulyasungu,bulyasungwi
mhengelo,mhengele
kimala b,kimala
nardoosoito,nadoosoito
nyetasho,nyasho
warangi a,warangi b
mleni kati b,mleni kati a
mleni kati,mleni kati a
kizinga a,kizinga b
tipri,tipiri
mtwivila b,mtwivila a
kalemawe,kalemane
laghanga,lagang
mtendereji,mtendereje
shibutwe b,shibutwe a
kakonko,kikonko
elerai,lerai
kilai,kilari
bugango a,bugango b
muzenga,mzenga
igudija a,igudija b
igudija c,igudija b
lyakupora,lyakupola
bushoro,bushoko
makereni,makerani
itukisyo,itukisyu
kisundwa,isunda
mkibungele,mukibungere
mlange a,mlange b
izwranguo,izwaranguo
ijuganyondo 'b',ijuganyondo 'a'
kitumba a,kitumba b
mwahande,mwayande
mwamiswa,mwamaswa
kotela mashariki,kotela magharibi
mwasinasi a,mwasinasi b
kisolo,isolo
bulanga,bulangwa
nyahanga,nyanga
nyangano,nyanga
mbede a,mbede b
miisanja,msanja
pondamoyo,kondamoyo
mukigina,kigina
maara,magara
samuda b,samuda a
kalifoniw,kalifonia
mayokeo,matokeo
kwawapare,kwa wapare
mibangani,mibangani b
mibangani a,mibangani b
miangai,milangali
mkerema,mkelema
ibuga a,ibuga c
maseseweni,mseseweni
bubale b,bubale a
sibwesa mashariki,sibwesa magharibi
mighanga,mughanga
mghanga,mughanga
mughunga,mughanga
mgogondele b,mgogondele a
iloganzala,iloganzara
mwamibanga,mwamanga
mwadanga,mwamanga
ndwanga b,ndwanga
ndwangwa,ndwanga
mwamakanza,mwamabanza
bushaza 'a',bushaza 'b'
kazunguti b,kazunguti a
kwamunyu,kwemunyu
vianzi b,vianzi
vianzi a,vianzi
mashara,mashala
kidenda,kidanda
idanda,kidanda
uwenamo,uhenamo
mapilipili b,mapilipili a
kumuyange,muyange
buyange,muyange
mkereketwa,kereketwa
kirueni,kiraeni
butayaibega,butahyaibega
solima a,solima c
solima b,solima c
mwanono,mwankono
isakadero,isakadelo
ikukisyo,itukisyo
kiyaha pachan,kiyaha pachani
kiha pachan,kiyaha pachani
udushi b,budushi
udushi,budushi
budishi,budushi
usimba c,usimba a
usimba d,usimba a
murumba a,murumba
murumba b,murumba
gwasei,ngwasei
ingutoti,ingutot
kisenyi,kasenyi
bigenyi a,bigenyi b
khambi,nkhambi
n'gambeni,ng'ambeni
kimanirumemtemi,kimaniruwemtemi
kimaniruwenteni,kimaniruwemtemi
nholongo,nhgolongo
lamvyia,lamvya
kilamvya,lamvya
usagara a,usagara b
mshika jembe,shika jembe
kiziwa a,kiziwa b
moru,oru
kigunga a,igunga a
mlangalanga a,mlangalanga
mlangalanga b,mlangalanga
mringeni,maringeni
isimikinye,simikinye
simkinye,simikinye
ruyenzi b,ruyenzi c
uluguruni,uruguruni
tindisu,kitindisu
kakande,kakando
lukwambe a,lukwambe b
igalukilo b,igalukilo a
mmanje,nammanje
kibalali,kibalasi
migola,mgola
mwarieni,mrieni
kimang'a b,kimang'a a
mwalolera,mwalolela
ziwani b,ziwani a
ikus b,ikusi b
ikuililo,ikulilo
tongi b,tongi a
endallah,endalah
manyire,manyile
kipera b,kipera a
itala b,itula b
mwasai,mwasayi
mtwake,matwake
kiliwi b,kiliwi a
manyunyy,manyunyu
nyambui,nyambuli
mungushi kati,mungushu kati
itinku,tinku
mlanda b,mlanda a
nyamieli b,nyamieli a
sanjika,isanjika
kibokone,kibokoni
kazinga,kazingu
kilowoko,kilovoko
kangazi stendi,kisanga stendi
mbalwa,embalwa
foini a,foini b
mabuki a,mabuki
mabuki c,mabuki
buhendangabo,bwendangabo
busagara a,busagara b
kataokwa,katahoka
luvai b,luvai a
mkaratusi,mikaratusi
murusi,magurusi
mileshi,mileshe
mgelema a,mgelema b
mgelema,mgelema b
buongera,bongera
omukalyambwa,omukalama
chimale b,chimale a
ureno a,ureno c
marwa,mara
mtunduru,mtunduruni
ibala a,ibala b
ilala b,ibala b
muyaga a,muyaga c
muyaga b,muyaga c
kirehe b,kirehe
kombwewe,mbwewe
sakabayi,sakabahi
nkoni b,nkoni c
nkoni a,nkoni c
kilomeni,kilemeni
kimiza b,kimiza a
mpegele,mbegele
buyando,buyango
lisule 'b',lisule 'a'
kaula,kasula
ngongele b,ngongele a
mwaholo,mwangholo
mwanholo,mwangholo
mwangh olo,mwangholo
mmwindi,mwindi
mihwindi,mwindi
nyatanga a,nyatanga
nyamatanga,nyatanga
nyatanga b,nyatanga
kibundai,kibandai
kimbanda,kibandai
mngugu,mangugu
ngalimila b,ngalimila a
igembesawo,igembesabo
msoghoo,mtoghoo
mukigoti,mkigoti
bulama,bulama a
nachitalala,nachikalala
kamanga b,kamanga a
nyangea,nyaniga
isolola b,isolola a
miugula,mihugula
kilawoi,kilawoyi
kilawoya,kilawoyi
vikogwe,vikonge
lwambara,lwambala
mangalali a,mangalali b
mabama magharibi,mabama mashariki
mwamurugishida,mwamurugushida
baraza b,baraza a
ukuuta,kuuta
mang'ula b,mang'ula a
mbaga a,mbuga a
kiale,kale
lugelele b,lugelele
lugelele a,lugelele
nyanguru a,nyanguru b
nyamoso,nyamono
lubanga b,lubanga
kalovya b,kalovya c
nsanyela,nsanyila
ubata,bubata
kisungule c,kisungule b
kisungule a,kisungule b
kindundai,kidundai
mnyambe,mnambe
gitarungu,kitarungu
ileshera b,ileshera a
kihumuro,kihumro
maseleleko,mseleleko
nyangolongo,nyang'olongo
nyankolongo,nyang'olongo
chihihila,chihila
bunigonzi no2,bunigonzi no 1
bunigonzi no 3,bunigonzi no 1
lwangamanga,wangamaganga
barabarani b,barabarani a
kanywaveza,kanywabeza
mwabuma b,mwabuma
mawawai a,mawawai b
marambe,marambo
mpande,mpande a
mpande b,mpande a
ntebera,ntebela
mwadui lohumbo a,mwadui lohumbo c
iwenamo,uwenamo
italala magharibi,italala mashariki
isowezia,iwezia
iwezi,iwezia
ndelembe b,ndelembe a
getegasembe,getagasembe
matatizo a,matatizo b
kigigida,kidigida
mwabugog'ho,mwabugong'ho
wiligwamabu,iligwamabu
nyahanga a,nyahanga
nyaghanga,nyahanga
nyanghanga,nyahanga
mnini b,mnini a
makokani,makokane
kilimani a,kilimani b
mwabumwandu a,mwabumwandu
mwabumwandu c,mwabumwandu
mtonga a,mtonga b
kasiwe,kasisiwe
kiriwa chini street,kariwa chini street
waranchenza,warenchenza
namkolo,namkopo
ikuluhi,ikului
mwandumo,mwando
mwambuli,mwamhuli
kigondo b,kigondo a
isebya a,isebya
isebya b,isebya
ibambula c,ibambula
ibambula b,ibambula
ghengele,nghengele
lolomotonyi,olmotonyi
lolimotonyi,olmotonyi
kishegeshe b,kishegeshe a
magland,maglandi
manglandi,maglandi
uwungilo,usungilo
ilumbuli,ilulambuli
bumbuta b,bumbuta a
kiga b,kigaga b
lialamu,lyalamu
leleki,lelek
mtanya,matanya
tesheni,tosheni
kanjere b,kanjere a
usupilo,usupilo a
mpilingito,pilingito
manala c,manara c
itekesha a,itekesha b
mkunywa a,mkunywa b
talengo,telengo
pelengo,telengo
kitelengo,telengo
mwasalage,mwashilalage
kitanga mjini,kisanga mjini
kwa mtwelve,kwa mtwelvu
kishimbwe,shimbwe kati
maliyasili,maliyasiri
musui,msui
mwamaguliati,mwamagula
mwamaguha,mwamagula
mwamabula,mwamagula
kumweluro a,kumweluro
mwli,mwili
chodeko,chudeko
igangitakula,gangitakulo
rugaze,rugaze 'b'
rugaze 'a',rugaze 'b'
nanyimbo a,nanyimbo b
kitopeni a,kitopeni b
kihuluko b,kihuluko a
kihuluko c,kihuluko a
kumgaza,kumgazo
machinga,machinda
mkachindwa,machinda
kinyengesi,kinyangesi
msasa b,msasa a
msasani a,msasa a
musasa a,msasa a
kyala chini,wala chini
skimu,uskimu
nkoanasari,nkuanasari
wela mashariki,wela magharibi
nyandwita,nyandwite
igongolo magha,igongolo magh
kambeni,mkameni
kanyomvu,kanyomvi
igalali,igalavi
mkanga chuni,mkanga chini
kyaariya,kyaria
itiyeja,ityeja
daktara b,daktara a
msingeni,msongeni
itumbili a,itumbili b
itumbili c,itumbili b
kishimbwr,kishimbwe
makanda c,makanda a
isaweya,saweya
kidalimanda a,kidalimanda b
kidalinanda b,kidalimanda b
gideshi,gideshani
karongo,karonge
chaung'ng'e,chaung'eng'e
shinyanga a,shinyanga b
mwamalesa,mwamale
mwamalale,mwamale
mwanale,mwamale
mwamile,mwamale
mwamasele,mwamale
nambijili,nambigili
ikumbo,ikubo
mgindoni,ugindoni
omububare,omurubare
mwamasubi,mwanasubi
imalamihayo b,imalamihayo
ng'ongwa,ng'ong'wa
kumshindwi a,kumshindwi b
tongoi,kitongoi
namanzizia,namanziazi
bugashani,bugasha
bavunja a,bavunja b
kumugarika,kumgarika
itongowa b,itongowa a
iturike,itulike
makambalala b,makambalala a
ilungu b,ilungu a
imalamwako,imalamako
kasusura a,kasusura b
kibao katii c,kibao katii a
kwa nyange b,kwa nyange
getaquli mashariki,getaquli magharibi
mlingoti c,mlingoti a
mlingoti b,mlingoti a
mugorogoro,rugorogoro
ibwe,iwe
ruhinga,rulinga
ludende b,ludende a
masalali a,mangalali a
kakola b,kakola a
kilelema a,kilelema c
kilelema b,kilelema c
magarama b,magarama a
madege b,madege a
nyabusula no. 7,nyabusula no. 8
ugema,bugema
tagata,itagata
itagqta,itagata
itagara,itagata
utagata,itagata
minzanza,nzanza
iqelecha,igelecha
msiyovelwa,siyovelwa
mukibira,mkibira
mkibila,mkibira
ascarida,scarida
mwakapalala,mwakapalale
mwakapagalale,mwakapalale
madukani center,madukani /center
nding'ho b,nding'ho a
endajash,endabash
paramba,paramba a
luganda,luganga
munjebwe a,munjebwe b
mwembehaki b,mwembehaki
ibare,kibare
mwangoe,mwangoye
kumyange,kumuyange
sinizya,isinizya
loleza b,loleza
loleza a,loleza
kilala a,kilala b
uvanga,uvangwa
masangara,mapangara
majevu b,majevu a
majevu d,majevu a
urambo magharibi kusini,urambo magharibi kaskazini
kidadaa,kidagaa
mijeledi,mijeleni
mijaleni,mijeleni
utwale,butwale
baukani a,baukani b
ivulul,ivululu
ngwabe,ng'wambe
libongoya,ibongoya
nahoro,nahoro a
nahoro b,nahoro a
upungu mashariki,upungu magharibi
kwemchaku b,kwemchaku
tulieni a,tulieni b
vugizo c,vugizo a
tagamenda b,tagamenda a
gidbash,gidabash
tella,tela
itongo b,kitongo b
mwidongo,mwedongo
usinga kati,usinge kati
usingw kati,usinge kati
mwamjondo,mwamijondo
ugowola a,ugowola b
muzinga b,mzinga b
mwasweha,mwasweya
uchachikile a,uchachikile b
nguru meusi,nguru mausi
burunge a,burunge
ilula magharibi,ilula mashariki
kilimambogo,kilimamoto
burwani,buruwani
chinameli,chinamili
ikoma road b,ikoma road a
kivalali b,kivalali a
mji mpya a,mji mpya b
maring'a kati,maring'akati
mwakata,mwakabata
gidim a,gidim b
chikomo,chikoma
kwamsala,kwemsala
busondo magharibi,busondo mashariki
iseche,iseche a
unyambugha,unyambogha
unyambogho,unyambogha
mzungu b,mzungu a
mwanguhi,mwagushi
kigunga b,kigunga c
bugelenga centre,bulega centre
nselya,selya
nyamiobo,nyamiobu
serian,seriani
shimama,shimamu
blenda b,brenda b
brenda,brenda b
brebda b,brenda b
brenda a,brenda b
ntakasangwa,takasangwa
kinyambuli,kinyamburi
kitunga c,kitunga
tela kati,tella kati
bupuli,bupulani
bukumbulwa,lbukumbulwa
kukulumba,kikulumba
naminga,namitonga
mwamambiti,mwamabiti
matare b,matare a
nyamiselis,nyamiselia
garilaya,galilaya
gamiusi,gamihusi
mafyeko c,mafyeko a
rushambya,rusabya
sanya line a,sanya line b
kilambo a,kilambo b
nsaguzi b,nsaguzi a
isambula a,isambula b
kihimika b,kihimika a
kinamapula c,kinamapula a
kinamapula b,kinamapula a
mwamalangwa,mwahalanga
kinango,kinango b
hargushay,hargusha
mtalikwa,ntalikwa
njia panda b,njia panda a
mkongoloni b,kongoloi b
rabuor,rabuor a
rabuor b,rabuor a
wukiro 'a',wukiro 'b'
kwa mlaki b,kwa mlaki a
nkongore,nkongole
itubilo,idubilo
mafuriko c,msfuriko c
nyakunchi,nyankunchi b
nyankunchi c,nyankunchi b
chamhela,chamela
chamwela,chamela
chamela b,chamela
chanela,chamela
mjele b,mjele a
luhala b,luhala a
usagalwa,sagalwa
maingo b,maingo a
meresini a,meresini b
mkigama,mukigama
miserani,meserani
nhanga a,nyahanga a
mpakani a,mpakani b
bubungu a,bubungu b
bubungu,bubungu b
lupango,lupanga
isongwa kati,isenga kati
almaroroi,olmaroroi
kilombero b,kilombero a
datlaa,atlaa
namanga a,namanga b
mwanhala b,mwanhala a
mutoju,mtoju
kwateri,kwateri b
mtamba b,mtamba a
buyumba,bujumba
bujumbi,bujumba
nambunje,nambanje
marimba,masimba
muori,muri
nyasore,nyasole
ningojeni,ngojeni
burungu,bukungu
hongwa b,hongwa a
hongwa,hongwa a
kitahie,kitahiye
kitirima,kirima
misisiri,misigiri
katukanyenza,katukanyenze
ccm/kati,ccm kati
ntaba,ntamba
masua,masuha
manyasi,kanyasi
sangha,isangha
kasakaa b,kasaka b
ng`washi,ng'washi
mambegwa b,mambegwa a
kindagiri,kindagili
kindagili 2,kindagili
bomamzinga a,bomamzinga b
mighunga,mighanga
minghanga,mighanga
galula a,galula b
galula c,galula b
mngonya,mungonya
mbalaji,mbaraji
kipanga kati,kisanga kati
nzaza a,nzaza b
mbarala,mbarala b
kabilizi a,kabilizi b
masongwa,kasongwa
minjale,minjaleni
mwangalangs,mwangalanga
izigo,kizigo
kwesimu,kweshiu
nghanje,nghonje
mavota b,mavota
nyakanyasi b,nyakanyasi a
mwasepa,maswepa
unyinga,mnyinga
kamakana,kamukana
kurutale,karutale
chikaluli,chikaluri
kinyakasanda,nyakasanda kati
bulugala,bulugala b
bulugala a,bulugala b
karundo,karundo b
utulivu 1,utulivu 2
mwamahululu b,mwamahululu
kwasayenge,kwisayenge
kwisenge,kwisayenge
nyambuliko,nyabuliko
manyoni kati a,manyoni kati b
manyoni kati,manyoni kati b
kumkwabule,kumkwabure
chipapa a,chipapa b
chipapa c,chipapa b
omukitojo,omukatojo
mkombola,mkombo
isemikinye,isimikinye
isimikinyi,isimikinye
mkunguni b,mkunguni a
lutangali,butangali
silamila a,silamila b
silamila c,silamila b
isangati b,isanga b
isanga a,isanga b
luwiko,luwiko 'b'
mambu,msambu
shanshamuzi,kishanshamuzi
katembe b,katembe
katembi,katembe
katebe,katembe
katembe a,katembe
luluma,lulumba
chikunja b,chikunja a
mnandeyeni a,mnandeyeni
milonga,mikonga
kukerege,kukagerege
isenzanya kati,isenzenya kati
nyarushanja,nyarushanje
narubura b,narubura a
uyelivala,uyelevala
naidikodiko,naidikidiko
kililiga a,kililiga b
mtapenda c,mtapenda a
mtapenda b,mtapenda a
makome b,makome a
njewanga,njawanga
rukaragata,lukaragata
imelemela,imelamela
makunghuu,mkunguu
kyou,kyonu
madundani,mdundani
mubisumizi,mbisumizi
lukanga a,lukanga b
kibeyo b,kibeyo a
mwaghompi,mwaghumpi
mwasingi,mwashigi
nanana,nanyanga
nantanga,nanyanga
nkondogwa,kondogwa
mirikani,birikani
igalatilo,igalatiro
galatiro,igalatiro
wisange,isange
msaghaa b,msaghaa
msaghaa a,msaghaa
mwakaduba,mwakaluba
nywandwita,nyandwita
manawa,manyawa
mangahai,mwanghai
ifumba b,ifumba a
mwamunhu a,mwamunhu b
mahaheni,mahaeni
mgombola,mkombola
kumnyika,mnyika
uhuru a,uhuru b
ilangale b,ilangale a
misimii,msimihi
ng'homi,ng'homa
ng'hona,ng'homa
nyabwai b,nyabwai a
mgomol,mgomole
nyulunyulu a,nyulunyulu b
muluherere,muruherere
munuherere,muruherere
muherere,muruherere
kitungu a,kitungu b
nyawishi a,nyawishi b
kisang'ang'a,sang'ang'a
makanka,makanya
samaria c,samaria b
samaria d,samaria b
kikonko b,kikonko a
kizerui,kizelui
pilimba 'a',chipilimba 'a'
chilimba 'a',chipilimba 'a'
lunduka,lundukali
ndukali,lundukali
mwagi a,mwagi b
luvalane,luvalande
ihanzu b,ihanzu a
misufuni juu,misufini juu
london a,londoni a
nambeni,manambeni
mwanambeni,manambeni
ungindoni salannga,ungindoni salanga
mwamanala,mwamahala
iringo,mwiringo
i/saka,i/sakaa
nyabwegira b,nyabwegira a
mnangana,minangana
nyambubi a,nyambubi b
nyambubi,nyambubi b
makorongo b,makorongo a
makorongo,makorongo a
ikreepus,irkeepus
mwamabulo,mwamabuli
mwakimishi,mwakimisha
kinyang'a,kinyan'ga
chiwanda,chiwanda a
ilalwe b,ilalwe
gilamtwe c,gilamtwe a
bitale a,bitale b
kitale b,bitale b
atsin,atsini
tsini,atsini
mwanangwa,mwanangwa b
ngokolo b,ngokolo
ngokolo c,ngokolo
nyakafuru c,nyakafuru b
merehasi,melehasi
mwandalya,mwandelya
mrukukumbo chini,murukukumbo chini
kangeme no. 5,kangeme no. 3
kangeme no. 4,kangeme no. 3
bulwani,burwani
ngobob,ngorbob
chigatule,chigazule
mabwira,magwira
krutale,kurutale
minele,inele
kwa mng'oi,kwang'oi
kwa ng'oi,kwang'oi
olorieni kat,olorieni kati
bugando b,bugando a
isigotiro,isigitiro
isigatiro,isigitiro
gidagamowdi,gidagawdi
muru,muaru
tanganyika a,tanganyika b
talamagangs,talamaganga
mbigiri kati,mbigili kati
busia,usia
nachaomba,nachiamba
chakitalagu a,chakitalagu b
chakitalagu,chakitalagu b
nkulusi,kulusi
shaminghwa b,shaminghwa
mumakeke b,mumakeke
fella b,fella a
kemagaka,kebagaka
ishingisha,ishingisha a
ishingiasha b,ishingisha a
engaresero,engarasero
kudiboya,kudibona
itengelu kati,itengelo kati
fumagila magharib,fumagila masharik
omukiyonza,mukiyonza
usinga jati,usinga kati
kaskazini b,kaskazini a
kasonkole,kasongole
kweisasa,kweisaka
bunigonzi n4,bunigonzi no2
mwajalala,mwajilala
kyanyabyoma,kanyabyoma
blockfarm,brockfarm
mswaki,miswaki
songambele magharibi,songambele mashariki
kazigunga a,kazegunga a
ndono kusini,udongo kusini
bandawe,ibandawe
gumbilo b,gumbilo a
qawirang,qawarang
ishoko,kishoko
njinjira,njinjila
mugane,kamugane
bulago,bulango
london b,london a
chidamsulu b,chidamsulu a
mchebe,muchebe
elwan,elwayn
sagenge /bugarama,sagenge/bugarama
ndelelwa,ndevelwa
kyanga,kyaronga
tanga a,tanga b
bombmzinga,bombamzinga
mandunda b,mandunda a
rizaborn madu,rizaborn maduk
masasi a,masasi b
tanganyika pekas,tanganyika pekasi
mwang'inwa,mang'inwa
mwanula b,mwanula
mwanjula,mwanula
igalagala,igalala
mgabila,mugwabila
toangoma a,toangoma b
kimambila,kimambira
mango,mhango
msaenga b,msenga b
msenga a,msenga b
yerusarem,yerusaremu
ikoko a,ikoko b
mwamandi a,mwamandi
mumatanga,mukatanga
mwanya b,mwanya a
makhongo,makhonge
kisongole,songole
nsongole,songole
isongole,songole
ushingisha,ishingisha
ikongoro,ikongora
sangila,sangela
mbuyunu kati,mbuyuni kati
mwamashunura,mwamashunula
getak,geta
magongwa,kagongwa
mienda a,mienda b
kibehe b,kibehe a
ikala mashineni,ilakala mashineni
kundikili mashariki b,kundikili magharibi b
kundikili mashariki a,kundikili magharibi b
barabara 1b,barabara 1a
barabara 5a,barabara 1a
nyahnumbili,nyanhumbili
tankini b,tankini a
shara,ushara
ndameni,nambeni
kyou kati,kyomu kati
chamwi,chamwiko
ungu rd,unguu rd
igarika,kigarika
qalodesh,qalodeshi
makongo,makongora
mweyanjare c,mweyanjare b
mweyanjare a,mweyanjare b
msagaras,msagara
iloboko,loboko
kifilya a,kifilya b
mapelele,mahelele
mahelela,mahelele
kashambya,kassambya
kishaba,kishaka
bishaka,kishaka
tangi la maji 'b',tanki la maji
tangi la maji 'a',tanki la maji
tuzu,ntuzu
mwanambo,mwandamo
mikumi b,mikumi a
mwambula,mwambuli
iduguta b,iduguta a
nyanghonge,nyanghonge a
mafuriko a,mafuriko c
mwamakumbi b,mwamakumbi a
mwamakumbai a,mwamakumbi a
mweki,mwekio
msing'ole,nsing'ole
ulolwa,bulolwa
kinyanki,kwinyanki
mwatenge b,mwatenge a
chamalendi,shamalendi
nkudusi,nkundusi
hasang,hhasangw
bomavi village,boma village
mukirehe ya kati,mukarehe ya kati
nyamhungili,nyamhungili a
igalagalilo mashariki,igalagalilo magharibi
komfungo b,komfungo a
mtonya b,mtonya a
nyakatala b,nyakatala a
ilewel,ilewelo
bupungu,busungu
butungu,busungu
isambalilo,usambalilo
chitinti,chitindi
kitenga,katenga
mabuburi a,mwabubuli a
nyitundu a,nyitundu
nyitundu b,nyitundu
kumhama,kumhama a
migungani c,migungani a
katabanga b,katabanga
katungulu,tungulu
lugunga,lugunga b
usagalani,usagarani
magomani,mgombani
nkumbadi,nkumba
msewo mwaazi,msewo mwangazi
mahuguru,mahugulu
ruhoko 'b',ruhoko 'a'
ruhoko,ruhoko 'a'
mlale b,mlale a
uhanyana,uhananya
kumrama,kumhama
kumlama,kumhama
namajani b,namajani a
bujonge,bujinge
mwamugisha,mwamungesha
mwaswale,mwaswale a
matanji,mahanji
nwagoda,mwagoda
lukeheya,lukehea
nkkungi,nkungi
barabara 3b,barabara 2b
barabara 4b,barabara 2b
barabara 6b,barabara 2b
loshoto 'b',lushoto 'b'
lushoto 'a',lushoto 'b'
ipiriri a,ipiriri b
kitamo a,kitamo b
kiseke b,kiseke a
gongwe,mgongwe
chiteleche,chitereche
mkova,mkoa
mkora,mkoa
mkhoa,mkoa
kinyangwe,kiyange
itubukilo b,itubukilo a
mue,muwe
sodoka b,sodoka
nghogwa a,nghogwa
busita b,busita a
mbuchi 'b',mbuchi 'a'
mwigoe,mwigombe
rukuraijo a,rukuraijo b
rukuraijo,rukuraijo b
engusero a,engusero b
mwagilwa,mwagwila
sasi a,misasi a
mugelele a,mugelele b
mugelele,mugelele b
nyakwitulya,nyakitulya
kwemdimu,kwemdim
mfuto b,mfuto a
masasati,masasatu
ipandwamela c,ipandwamela b
lucenti a,lucenti b
sabreta,subreta
mwafalu,mwagalu
nakisenga b,nakisenga a
ulihii,ulihi
kemange,kokemange
bakichanl,bakichani
bakchan,bakichani
mwadundi,mwalundi
malundi,mwalundi
ngili,ngii
nyangwe a,nyangwe b
namichiu,namichi
namichilo,namichi
unyambwa b,unyambwa a
kwemtindi,kwematindi
mangidi b,mangidi a
nyasagaro,nyamagaro
lamboni a,lamboni b
ikanga a,kanga a
kimwangoko a,kimwangoko b
kadoto and,kadoto a
murwele,omurwele
omurwele a,omurwele
omurwele b,omurwele
mwenge b,mwenge a
pachnne,pachanne
nkonko,konko
kisosola,sosola
nughumbu,mughumbu
ruyama c,ruyama a
mpandanji,mpandanje
ikulusi,ikurusi
bwendamwizo b,bwendamwizo a
mwahinda,mwanghinda
igalula b,igalula a
chindi a,chindi b
sotele a,sotele b
sotele c,sotele b
ktaokwa,kataokwa
libundu,libundi
kitoo b,kitoo a
61b,61 b
utinta shule,utinta shuleni
mwabasi,mwabasaki
mwabasami,mwabasaki
mwabaseki,mwabasaki
nyasiba,nyaisiba
mviringo,iringo
mdolela c,mdolela b
mdolela a,mdolela b
mairowa,mairowa b
kishengezi a,kishengezi b
tunduu,mtunduru
nyamisana,nyamisangura
mwaduu,mwandutu
chamatuli,chamatule
mayadi,mwayadi
namatunu 1,namatunu
kitengeni b,jitengeni b
losuwashi,loshuwash
iganya,igawanya
ng'hami,ng'homi
gichameda a,gichameda b
binguni b,binguni a
rukaragata b,rukaragata
shamba,shama
kisangesangeni b,kisangesangeni a
mtafuteni b,mtafuteni
kobisisi,kobesisi
losikito,nosikito
mgwanda d,mgwanda b
kwakura,kwamakura
mukulu,mkulu
ntamiyo,ntamiho
nyamiho,ntamiho
mkitama,mkitamo
olodonyo,oldonyo
nyang'anga,nyang'anga a
mnazi mmoja b,mnazi mmoja a
mulunngui,mlungui
sabrata,sabreta
bumva namba moja c,bumva namba moja a
chumbwe,shumbwe
nyansebe,nyansembe
nyasembe,nyansembe
bugela,bugesela
iponya centre,iboya centre
mori b,moori b
kyuu kati,kyou kati
malerini,malereni
munini,mnini
utinta b,utinta
kichiwa a,kichiwa b
lubona a,lubona b
lubona c,lubona b
komboko,somboko
konga b,konga a
mushule,mashule
mwakaliopi,mwakaliobi
ishunu,shunu
igulya b,igulya
kisaki a,kisaki b
manzeye,manzege
udushi a,udushi b
mwaduya,mwanduya
umbalo b,umbalo a
ibolelo a,ibolelo
ibolelo b,ibolelo
buyangi,busangi
ifukutwa a,ifukutwa b
masanda,marisanda
mpenengi,mpenenge
mwangamo,mwangama
mukiyonga,mkionga
shaurimoyo b,shaurimoyo a
bulima a,bulima b
junjuhuiseke,junjuiseke
sumve-luguguru a,sumve luguguru b
itonja ......,itonja
itonja m,itonja
mwakimatu,mwakilatu
barjomot,barijomot
nyagogo 'b',nyagogo 'a'
mwegelezi,mwegerezi
itongo a,kitongo a
kuruseru,kurusiru
ruziba a,ruziba b
yerere a,nyerere a
lupokela kati,lipokela kati
nkololo b,nkololo a
nkololo c,nkololo a
mghamba,maghamba
ikombo b,ikombo a
madimka,malimka
mbizi b,mbizi a
nyakafundikwa a,nyakafundikwa b
makingi b,makingi a
rubilizi b,rubilizi a
rubilizi c,rubilizi a
bushogo,bushoro
mwamhuge,mwamhugu
lusani a,lusani c
maliba a,maliba b
mgara b,mgera b
kikoboge,kikoboga
mndendeule,undendeule
mnyang'onzi,nyang'onzi
chisale,chisale b
chisale a,chisale b
nyibuko,nyiluko
iyuki a,iyuki b
nachigwea,nachingwea
mlalangone,mlalankone
chinganga,chinganda
sadan a,sadan b
itundula,itunda
dogo,idogo
nyamora,nyamori
lyabogolo a,lyabogolo b
washigela,mwashigela
kilabatama,kilabataba
kwedigandu,kwediwandu
kwadiwandu,kwediwandu
merali kati,lerai kati
mwamapalala a,mwamapalala c
mfurufuruni,mfufuruni
mifugoni b,mifugoni a
namitomolo,namitomola
mugatanga b,mugatanga a
lupunga a,lupunga b
mwagumata,mwagumada
kinyamenda b,kinyamwenda
masanga a,masanga b
smiyu b,simiyu b
mwangae,miangae
nyanyingi,nyanhingi
muhogo,muhongo
kaulungu b,kaulungu
mjini kati a,mjini kati b
shuleni kiumbo,shule kiumbo
nzitaka,nzuitaka
mahina b,mahina a
swahili mashariki,swahili magharibi
mpirani c,mpirani b
lugukwa,rugukwa
bureni iramba,bureni ilamba
bureini ilamba,bureni ilamba
bulumbaga b,bulumbaga
kaguhu a,kaguhu
kaguhu b,kaguhu
lulwasimba,ulilwasimba
nyamvubuka b,nyamvubuka a
ntakaingwa,ntakasangwa
kiumbo,kimbo
mbalagane a,mbalagane b
mbalagane,mbalagane b
nambecha a,nambecha b
magagula a,magagura a
magagura b,magagura a
uyogo d,uyogo k
masigila,masimila
konge a,gonge a
chutope,chitope
nyamadoke center,nyampande center
nyampande centre,nyampande center
imaramakuwa,imarampaka
mumakombe,mmakombe
kinongo,kijongo
nambaro a,nambaro b
mingoyo,mingiyo
mwanjili,mwanjile
namalombe,namaloe
kalatuma,karatuma
miombwe,miyombwe
mbatamila,mbatamela
sanungu b,sanungu a
nyamalangalanga,mlangalanga a
munguzi a,munguzi b
igwata b,igwata a
igwata c,igwata a
nakajwenge,nyakajwenge
nyagundi,nyagudi
nyakatakala b,nyakatala b
busonjo,lusonjo
ikhangao,khanga
gaudu b,gaudu a
mhegero,mwegero
songelani,songelani a
usongelani a,songelani a
msanga a,masanga a
ulowa no.2,ulowa no. 1
ulowa no. 8,ulowa no. 1
busenge a,busenge b
kiimbila,kimbila
mwakilunguje,mwakirunguje
mpujini,pujini
mkongoloni,mkongoloni c
bushimani,bushimangila
bwemengo,bwenengo
ideganja,ideganji
magagula b,magagula a
minkutyu,minkuntyu
kinantugu,kinyantungu
naungo,nambungo
kwalambua,kwalambuwa
kivulini,kivuleni
manale c,manala c
yoliamwama,yoliamwana
isambaguli,isambagula
minchenja a,minchenja
mrukatiro a,mrukatiro b
bapulo,lubapulo
lyaudusi,nyaudusi
isagenghe a,isagenghe
isegenghe,isagenghe
nguvu kazi c,nguvu kazi a
makarawe mshamba la mbahazi,makarawe shamba la mbaazi
isundama,isundambwa
sundamba,isundambwa
isundamba,isundambwa
namatili,namali
migara b,migaera b
nengloriti,engloriti
ntobo kaskszini,ntobo kaskazini
ibindi b,ibindi a
utimbe,lutimbe
kandwa nshimba a,kandwanshimba
kandwanshimba b,kandwanshimba
chandima,chandama
wandri fuka,wandry fuka
ngelura,ngerura
kitongwaa,kitong'wa
kikondeni a,kikondeni b
ngurumani,enguruman
majengo yatabora,majengo yatavira
kwediseni a,kwediseni b
kagwe centre,kagera centre
kirole,kiole
wikumbirunde,ikunbirunde
ngongoma,mngongoma
bushigwamala,bushigwamhala
kazamwendo,kaza mwendo
ishelui,sheluyi
shelui,sheluyi
muheza b,muheza a
mwahuga b,mwahuga
mbalagashi,balagashi
kwafungo,kwasefungo
kwa nyanji,kwa nyanje
gomahenja,gomahenji
humbo,ihumbo
koaro,kowaro
ngunguru,nguunguru
mugajware,mugajwale
karutambwe,karutambe
shinde,shindeni
shindeli,shindeni
mwitambu,mwitambu c
mwitambu a,mwitambu c
ngomba chini,ngumba chini
nyabusalu no. 5,nyabusalu no. 7
gulumbai,ngulumbi
shului,kishului
butende,bulende
igunguti,igunguhi
mgweli,mugweli
chilota,shilota
shiloga,shilota
kenyamugambo,kenyamugabo
mbiti a,mbiti c
kitongoji c,kitooji c
kingole,kingoe
igalamo,igalapo
usuwilo,usupilo
natene,natene a
mwanzoli b,mwanzoli
kidereko b,kidereko a
sanga a,sanga b
kisiwani b,kisiwani a
katala b,katala a
kibamba mjini,kilamba mjini
mnganyingila,nganyangila
mgwamazi,mugwamanzi
itonjamandi,itojamandi
kahunda b1,kahunda b 1
kahunda b,kahunda b 1
shamungili,chamungili
oonjorai,oonjurai
nhiligi,nhiliki
mwamagalani,mwamagarani
kawajense 2,kawajense 1
iguku a,iguku b
mwalige,malige
ikongwe a,ikongwe b
nyarutambwe b,rutambwe b
mwakunuha,makunuha
ihushi c,ihushi a
kingamui,kingamoi
kingamoni,kingamoi
kingamoe,kingamoi
sambaguli,isambaguli
mrirai,mriai
nachaombs,nachaomba
silabera,kilabera
kashenge,kyanshenge
ikalime,ikanulime
kinamyuba,kinamyuba b
kyamalanga,kyamalange
mkondoni a,mkondoni b
mziru,miziru
ilorsiti,iloorsiti
maswanya magharibi,maswanya mashariki
mbikirija,mbikija
nyamigunda,nyamiguna
mkomboko,komboko
jengalagulu,jengalangulo
mwalumandwa,mwalubandwa
mwabuburi b,mabuburi a
ndong'e a,ndong'e b
namalewe,namalebe
kanyetamu,kanyetamo
nchimilo,nchimile
katwe 3,katwe 4
katwe 2,katwe 4
sigoba b,sigoba a
ofisini magharibi,ofisini mashariki
ikunguliboba,ikunguliaboba
mzambarauni b,mzambarauni a
tindiga,tindigo
penzi a,penzi b
nyakararo,nyakararu
kabila b,kabila a
bulilila,bulilila a
ibadela,ibadila
makaka a,makaka b
kwamianga,kwemianga
endarat,endarag
matema,mateema
nyangoko a,nyangoko
nyangoko c,nyangoko
bubinza b,bubinza a
bubinza,bubinza a
isunuka a,isunuka b
isuka b,isunuka b
chakatanga,chakaganga
kwedisasu,kweisasu
sagara,sangara
nangara,sangara
kitongoji cha kati,kiitongoji cha kati
nyasosi,nyasosi a
nyasosi b,nyasosi a
mwamtani b,mwamtani a
kinawanga,kinwanga
mwaya a,mwaya b
mabunga,mwabunga
shikule a,shikule b
kagabiro,kigabiro
beba,bea
namnimba,nanimba
ilolo a,ilolo b
emality,emaliti
matumain,matumaini
malenge b,malenge a
kchemchem,kichemchem 2
dukani b,dukani a
mamba f,mamba c
mamba d,mamba c
mamba e,mamba c
libondi,libonde
dundani,gundani
kisese a,kisese b
shigombola,shigombola b
kotongo store,kitongo store
nyamihanda,nyamihande
bukangiliga,bukanjiliga
basonyega,masonyega
kumkobe,kumkobe b
nyanguku b,nyanguku a
salugongo b,salugongo a
mwachonza,mwachonja
kudigongo,kuding'ongo
kwekibaya,kwekibaha
kipandeni b,kipandeni
kasherero a,kasherero
kashekero,kasherero
bupongo,bujongo
mkalendi,mkalenda
ishila b,ishila a
godima,igodimwa
kasoli b,kasoli a
angweduru a,hangweduru a
kinyaghagha,kinyaghaha
kinyaghagaha,kinyaghaha
kinyanghaa,kinyaghaha
barabara kuu b,barabara kuu a
lebosireti,loobosireti
lindi a,lindi b
maninga,mazinga
kitembo,kitumbo
bwilinde b,bwilinde
bwilinde a,bwilinde
mgamboi c,mgamboi a
mlamboi a,mgamboi a
nyakiogo,nyakikongo
shibuyi,shibui
kidarafa a,kidarafa b
kalatulu,karatulu
kifumvu,kifumbu
ijima,kijima
mabilioni a,mabilioni b
msengera b,msengera a
mchinjioni,machinkioni
lubisu,lubisu b
nyampangala,nyamsagala
kilugara,kikugara
birere,kibirere
ndandawale,ndandawala
ntebere,ntebera
karedani,qaredani
ishinde,shinde
nyagwirogwe,nyagwirongwe
nyagwirongwe c,nyagwirongwe
nyagwirongwe b,nyagwirongwe
muhanyati,mhanyati
kinyang'ama a,kinyang'ama
kinyang'ama b,kinyang'ama
nzigala a,nzigala b
majembwa,majembwe
kiagara,kijangara
udachi no 1,udachi no 2
kenswa mtaa wa pili,kenswa mta wa pili
bupandamawe,upandamawe
kiguguma,iguguma
salong'we b,salong'we a
kibambani,vibambani
mwaluji,mwalujo
msunsu,msunsu b
kitefure,kitefire
nyelenda,nyerenda
omukagando,omukagano
rushe b,rushe a
ikalanga magharibi,kalama magharibi
nkumbandii,nkumbadi
nyaburagala,nyaburagara
zelamakazi,zilamakazi
valakunga,malakunga
njia panda ya shimoni,njia panda ya shomola
sarieni,sareni
bubanga,bulanga
mwanili,mwanjili
jumbadimwe kichangani,jumbadimwekichangani
kilogwai,kidologwai
mabuluu,mabululu
bukombe,rukombe
mwamoja,mwamakoja
mwingiro a,mwingiro b
mnaweni a,mnaweni b
bwendanseko,bwendaseko
bwendanseko b,bwendaseko
kapalala a,kapalala d
kwemalui,kwemaluli
mwakusemwa,mwakusengwa
kimbai c,kimbai a
nyemhela,nyamhela
temeke b,temeke a
lolkisale a,lolkisale b
kasagamba,kasgamba
shibingo,shibingo b
shibingo a,shibingo b
ishinga,shianga
lukai,luai
ngoikumeni,ngokumeni
marti,emarti
mnkhola,mnkola
mumana a,mumana b
kirundu,kirundo
mbanja b,mbanja a
ngasani a,ngasani b
ngasani,ngasani b
mwangongo,mwanono
kiguru,kiguruu
mwamilyango,mwamlyango
mwamabu b,mwamabu a
mwasomwa b,mwasomwa
iteleja,iteleleja
mpulugumwa,pulugumwa
mwaseri b,mwasere b
ndeme magharibi,ndeme mashariki
udamasicheki,udomasicheki
mwarimba,marimba
busulwanguku a,busulwanguku e
busulwanguku,busulwanguku e
nkulusi center,nkuluso center
isunya,wisunya
iyang,hiyang
msagara a,msagara b
mumunu,mhumunu
liponde a,liponde b
lyang'ombe,lutang'ombe
ibiliza,ibilizi
ngholong,nholongo
milemwa a,milemwa b
kiteshe,hiteshe
nyakibishi,nyakibeshi
mugwaga,mugwanga
kipondoda c,kipondoda b
nyachina,nyachina b
isenengeja,isemengeja
nandala,nanyala
mwansangs,mwansanga
kingoma magharibi,kingoma mashariki
mbuta mashariki,mbuta magharibi
bulega a,bulega
lugogo a,lugogo
shugului,shului
nyuma ya mlima,nyuma ya mlims
ndalilo b,ndalilo a
kokigerege,kokikerege
ayarati,nyarati
wilungwa a,wilungwa b
kibuko,kibuo
izogolo,ipogolo
kwalihala,kwarihala
buliambwa,ibuliambwa
ikuliha,kulicha
mishili,mishiri
kwakombo shule,kwakombo shuleni
talaga,italaga
ibonele,kibonele
chin'olola,ching'orola
bwabuliochi,mwabuliochi
buyozi,buyonzi
isagalla a,isagalla b
nyandutulu a,nyandutulu b
italinonu,italinono
njasa juu,nyasa juu
kwa kweka,kwa kweka 2
nagilongos,nakilongos
nekilongos,nakilongos
kahatu,nkahatu
mdagala,mdagara
kaishenyenje 'a',kaishenyenje 'b'
nyakaka 'b',nyakaka
ibilingo b,ibilingo a
ibilingo c,ibilingo a
mwmang'ondi,mwamang'onda
ukuwayuyu,ukiwayuyu
malinga b,malinga
nyamajiva,nyamajiwa
nyamajila,nyamajiwa
nyarutambwe a,nyarutambwe b
ntabagu,ntabagudu
masunkune b,masunkune a
zagaza b,zagaza a
nakayonga,nyakayonga
ushitamigamba,ishitamigamba
isitamigamba,ishitamigamba
galani a,galani b
nyanguganwa,nyanguganwa a
isubalilo a,isubalilo b
uswakala b,buswakala a
katandara b,katandara a
igongwi,igongwr
sanganjelu,sanganjelo
usambaani,sambagani
kwamwiga,kwamwigwa
iyombakuzola,iyombakuzoa
mwamachibya,mwamachia
itubanilo,idubanilo
hhaki,hhalki
legamwendo,legezamendo
buyoga a,buyoga b
kwekuli,kwekulo
nijanija,ijanija
nyakaflo,nyakaflo b
san`gara,san`gana
san`gans,san`gana
misungwida,msungwida
lilambo kati,lilambo a
kilimba b,kilimba a
makoteni b,makoteni a
rusenyi,lusenyi
mantanke,mantamke
madisa b,madisa a
igalagalilo b,igalagalilo a
lyoma b,lyoma a
kasharara a,kasharara b
nanguge,nanguga
sinde b,sinde a
mponda c,mponda a
itonjamoto,tonjamoto b
kiruku mchangamwekundu,kiruku mchangamweupe
isengavakiwa,isengavakiva
mwakundi b,mwakundi a
endanachani,endanachan
kwa sondro,kwasondro
haikafa,haikaf
bushega,busheza
makotopora,makotopola
nyabiga,nyabisaga
nyaghona,nghona
nyangwale,nyanghwale
pwani a,pwani b
mkono mara,mkono wa mara
elimu a,elimu b
kange,nkange
mahamani,mahaamani
mwakipanda,mwakipanga
kigori,kwigori
milala b,milala a
milala c,milala a
ibambasi,bambasi
kasangali,kisangali
manguruma,manguluma
mwasimongoli,mwasimwongole
mwasimwongoli,mwasimwongole
kitondwe a,kitondwe b
mwilongalage b,mwilongalage a
mpito a,mpito b
sangiwe,sangaiwe
hihalahala,kihalahala
ipela b,ipela a
mbugujo,bugujo
mgolafinyonge,mgololafinyonge
ngemo a,ngemo b
irondo mgharibi,irondo magharibi
ntumbati,ntumbate
idonda matanga,igonda matanga
ilyamnche,ilyamche
itwangi,itwango
nangwa juu,nanngwa juu
mumaranvya,maranvya
molangi,mlangai
kibatula,batula
gwandumehi,gwandumei
ingwagwele,ngwangwele
bugorora b,bugorora
bugorora a,bugorora
ngaida,ngahida
mwasimke,mwasamke
usalama a,usalama b
irendi a,irendi b
tabu aman,tabu amani
kashara a,kasharara a
buyagaa,buyagab
nyamanolo a,nyamanolo b
sumbuga,sumbugu
bujinja,buiinja
nambaluta,nambaluka
msagala a,msagara a
kwa sasu,kwasasu
nyamsebei,nyamsebei a
ng'inkoku,ng'inko
king'inga,king'inga b
ndelama,ndelema
apembe,hapembe
komzolo,komsolo
kikonoka b,kikonoka
kalumwa,kalumwa b
mwawingo,mwawinga
butabare,butakare
songea a,songea b
itobanilo b,itobanilo a
katenga a,katenga b
yugalilo,nyugalilo
bunigonzi,bunigonzi n4
kishenge,bishenge
ngemwambula,ngemwanbula
isebelo a,ibelo a
kashambiya,kashambya
nyelema,ngelema
nanda b,nanda a
kichangano kati,kichangani kati
nyamisale,nyamisare
hharki,hhaki
ningirisi,ningirisia
butinzya,butinzya c
salunda b,salunda a
masindi b,masindi a
mwamsike,mwasimke
suge,sunge
kuliande,kuriliande
mhogwe b,mhogwe a
jaribio,majaribio
sakidawa,stakidawa
kilema a,kilelema a
ituga mashariki,ituga magharibi
mwamabugo,mwamabungo
wamabungo,mwamabungo
galugila,garugila
chamalendi b,chamalendi a
shiloleli,hiloleli
msisai b,msisai a
mululinzi,murulinzi
mwangombe,mwangome
kashekera,kashekero
makoge,mkoge
dunduma,dunduna
bushola,bushora
mbugangirija,bukangirija
msindeni b,msindeni a
ndebelwa b,ndebelwa a
mwajijabende,mwakijabende
mkiwa,makiwa
biirabo b,biirabo
nyampemba chini,nyampemba chuni
hailosi a,hailosi b
nyamboko,nyamko
cha mawe,chamawe
dodoma kati,dodomakati
mwadundu,mwadundi
daisalama,daisama
kiburunge,kibulunge
butabale,butale
yesa mayala,yesa mayaka
kimbugo,kibugo
minghaa,minghanga
usimikinyi,isimikinyi
bitale shule,bitale b shule
mwashiwiwi b,mwashiwiwi
tobo,ntobo
mwekera b,mwekera a
mtranjiwa,mturanjiwa
manguruma b,manguruma
galika,bugalika
kitimbiriu,kitimbirihu
misimbwa,msimbwa
mwakambonja,mwakambunja
shama a,shama b
igatengwa,nsigatengwa
mushrijog,mushorijogu
kinyauri,kinyauli
mwakambonje,mwakambonja
badagi,bandagi
chasheve,chasheva
mtesuka b,mtesuka c
mwampagabule,mwampangabule
tembo a,tembo b
muhangazi a,muhangazi b
mazintiswe,manzitiswe
kwamatukuu,kwamatuku
kitenga s,kitenga
kagenda b,kagenda a
kahunda 3,kahunda b
buhula,buhulila
maendeleo b,maendeleo a
kashaba a,kasha 'a'
luikula,lwikula
butugara,butugala
mwajilungu b,mwajilungu a
lugimba,rugimba
kituntu a,bituntu 'a'
kidowani,kidawani
mjigojigo,mujigojigo
seleli b,seleli a
makelo juu,makero juu
ipuli b,ipuli a
mtangashari a,mtangashari
nkaloi,kaloi
kasia,kasika
migudeni,migude
nkunguhu,nkunghuu
muwondo a,muwondo b
narunyo,naronyo
msiliembe shule,msiliembe shuleni
nachilonje,nachilonji
sebelo b,sebelo a
kitanguyaro,kintanguyaro
ikongoigare,ikungigare
ngangilonga,igangilonga
gangaliga,kangaliga
mkungumizi,mkukngumizi
mkukumizi,mkukngumizi
mazashai,mzashai
mwahinda c,mwahinda b
tapaila b,tapaila a
bushini b,bushini a
semaki,semaki a
usongoni,osongoni
ilaba b,ilaba a
